-- phpMyAdmin SQL Dump
-- version 3.2.4
-- http://www.phpmyadmin.net
--
-- Host: localhost
-- Erstellungszeit: 28. Dezember 2010 um 00:16
-- Server Version: 5.1.41
-- PHP-Version: 5.3.1

SET SQL_MODE="NO_AUTO_VALUE_ON_ZERO";


/*!40101 SET @OLD_CHARACTER_SET_CLIENT=@@CHARACTER_SET_CLIENT */;
/*!40101 SET @OLD_CHARACTER_SET_RESULTS=@@CHARACTER_SET_RESULTS */;
/*!40101 SET @OLD_COLLATION_CONNECTION=@@COLLATION_CONNECTION */;
/*!40101 SET NAMES utf8 */;

--
-- Datenbank: `hszmdp`
--

-- --------------------------------------------------------

--
-- Tabellenstruktur für Tabelle `bilanz`
--

DROP TABLE IF EXISTS `bilanz`;
CREATE TABLE IF NOT EXISTS `bilanz` (
  `bilanzID` int(6) NOT NULL AUTO_INCREMENT,
  `userID` int(6) NOT NULL,
  `bilanzJahr` int(4) NOT NULL,
  PRIMARY KEY (`bilanzID`),
  UNIQUE KEY `userID` (`userID`,`bilanzJahr`)
) ENGINE=MyISAM  DEFAULT CHARSET=utf8 AUTO_INCREMENT=9 ;

--
-- Daten für Tabelle `bilanz`
--

INSERT INTO `bilanz` (`bilanzID`, `userID`, `bilanzJahr`) VALUES
(1, 7, 2010),
(3, 4, 2011),
(4, 4, 2012),
(5, 7, 2011),
(6, 4, 2009),
(7, 4, 2008),
(8, 10, 2010);

-- --------------------------------------------------------

--
-- Tabellenstruktur für Tabelle `buchung`
--

DROP TABLE IF EXISTS `buchung`;
CREATE TABLE IF NOT EXISTS `buchung` (
  `buchID` int(6) NOT NULL AUTO_INCREMENT,
  `bilanzID` int(6) NOT NULL,
  `strukID` int(5) NOT NULL,
  `buchBetrag` float NOT NULL,
  `buchDatum` datetime NOT NULL,
  PRIMARY KEY (`buchID`)
) ENGINE=MyISAM  DEFAULT CHARSET=utf8 AUTO_INCREMENT=275 ;

--
-- Daten für Tabelle `buchung`
--

INSERT INTO `buchung` (`buchID`, `bilanzID`, `strukID`, `buchBetrag`, `buchDatum`) VALUES
(3, 4, 1001, 200000, '2010-12-15 23:20:27'),
(4, 4, 2010, 200000, '2010-12-15 23:20:27'),
(5, 4, 1001, 2000, '0000-00-00 00:00:00'),
(6, 4, 1001, 2000, '2010-12-22 22:20:08'),
(7, 4, 3700, 1000, '2010-12-22 22:35:45'),
(8, 4, 3200, 1000, '2010-12-22 22:35:50'),
(9, 4, 3100, 1000, '2010-12-22 22:35:51'),
(10, 4, 3200, 1000, '2010-12-22 22:36:40'),
(11, 4, 3200, 1000, '2010-12-22 22:37:47'),
(12, 4, 3900, 1000, '2010-12-22 22:38:18'),
(13, 4, 3800, 1000, '2010-12-22 22:39:57'),
(14, 4, 3600, 1000, '2010-12-22 22:40:00'),
(15, 4, 3600, 1000, '2010-12-22 22:40:01'),
(16, 4, 3200, 1000, '2010-12-22 22:41:46'),
(17, 4, 3400, 1000, '2010-12-22 22:44:40'),
(18, 4, 3300, 1000, '2010-12-22 22:44:42'),
(19, 4, 3400, 1000, '2010-12-22 22:44:47'),
(20, 4, 3400, 1000, '2010-12-22 22:44:49'),
(21, 4, 3500, 1000, '2010-12-22 22:44:50'),
(22, 4, 3001, 1000, '2010-12-22 22:44:52'),
(23, 4, 3000, 1000, '2010-12-22 22:44:53'),
(24, 4, 3000, 1000, '2010-12-22 22:47:19'),
(25, 4, 3000, 1000, '2010-12-22 22:47:23'),
(26, 4, 3000, 1000, '2010-12-22 22:48:19'),
(27, 4, 3800, 1000, '2010-12-22 22:48:23'),
(28, 4, 3500, 1000, '2010-12-22 22:48:25'),
(29, 4, 3500, 1000, '2010-12-22 22:49:07'),
(30, 4, 3000, 1000, '2010-12-22 22:49:10'),
(31, 4, 3300, 1000, '2010-12-22 22:55:22'),
(32, 4, 3300, 1000, '2010-12-22 22:55:24'),
(33, 4, 3300, 1000, '2010-12-22 22:55:25'),
(34, 4, 3000, 1000, '2010-12-22 22:56:15'),
(35, 4, 3600, -1000, '2010-12-22 22:57:11'),
(36, 4, 3600, -1000, '2010-12-22 22:57:12'),
(37, 4, 3600, -1000, '2010-12-22 22:57:14'),
(38, 4, 3000, 1000, '2010-12-22 22:57:56'),
(39, 4, 3000, 1000, '2010-12-22 22:57:57'),
(40, 4, 3000, -1000, '2010-12-22 22:59:44'),
(41, 4, 3000, -1000, '2010-12-22 22:59:45'),
(42, 4, 3100, -1000, '2010-12-22 22:59:46'),
(43, 4, 3800, 1000, '2010-12-22 22:59:50'),
(44, 4, 3700, -1000, '2010-12-22 22:59:52'),
(45, 4, 3600, 1000, '2010-12-22 22:59:54'),
(46, 4, 3600, 1000, '2010-12-22 22:59:56'),
(47, 4, 4000, 1000, '2010-12-22 23:01:14'),
(48, 4, 4200, 1000, '2010-12-22 23:01:15'),
(49, 4, 5001, -1000, '2010-12-22 23:01:17'),
(50, 4, 4100, -1000, '2010-12-22 23:01:18'),
(51, 4, 4100, 1000, '2010-12-22 23:01:20'),
(52, 4, 4100, 1000, '2010-12-22 23:01:20'),
(53, 4, 5100, 1000, '2010-12-22 23:01:24'),
(54, 4, 5100, 1000, '2010-12-22 23:01:27'),
(55, 4, 5100, 1000, '2010-12-22 23:01:27'),
(56, 4, 5100, 1000, '2010-12-22 23:01:28'),
(57, 4, 5100, 1000, '2010-12-22 23:01:29'),
(58, 4, 5100, 1000, '2010-12-22 23:01:29'),
(59, 4, 5000, 1000, '2010-12-22 23:01:31'),
(60, 4, 2111, 1000, '2010-12-22 23:04:36'),
(61, 4, 1000, 1000, '2010-12-22 23:05:17'),
(62, 4, 1001, 1000, '2010-12-22 23:05:48'),
(63, 4, 1002, 1000, '2010-12-22 23:05:49'),
(64, 4, 1001, -1000, '2010-12-22 23:05:52'),
(65, 4, 1001, -1000, '2010-12-22 23:05:52'),
(66, 4, 1001, -1000, '2010-12-22 23:05:53'),
(67, 4, 1010, -1000, '2010-12-22 23:05:55'),
(68, 4, 1010, 1000, '2010-12-22 23:05:56'),
(69, 4, 1023, 1000, '2010-12-22 23:05:58'),
(70, 4, 1103, 1000, '2010-12-22 23:06:00'),
(71, 4, 2012, 1000, '2010-12-22 23:06:02'),
(72, 4, 2011, 1000, '2010-12-22 23:06:03'),
(73, 4, 1104, 1000, '2010-12-22 23:06:10'),
(74, 4, 1102, -1000, '2010-12-22 23:06:12'),
(75, 4, 1102, -1000, '2010-12-22 23:06:28'),
(76, 4, 2111, 1000, '2010-12-22 23:06:30'),
(77, 4, 2111, 1000, '2010-12-22 23:06:33'),
(78, 4, 2002, 1000, '2010-12-22 23:06:35'),
(79, 4, 4200, 1000, '2010-12-22 23:07:48'),
(80, 4, 4200, 1000, '2010-12-22 23:07:48'),
(81, 4, 4200, 1000, '2010-12-22 23:07:49'),
(82, 4, 4200, 1000, '2010-12-22 23:07:50'),
(83, 4, 4000, 1000, '2010-12-22 23:07:51'),
(84, 4, 4100, 1000, '2010-12-22 23:07:52'),
(85, 4, 4100, 1000, '2010-12-22 23:07:52'),
(86, 4, 4100, 1000, '2010-12-22 23:07:52'),
(87, 4, 4100, 1000, '2010-12-22 23:07:53'),
(88, 4, 5100, 1000, '2010-12-22 23:07:54'),
(89, 4, 1010, 1000, '2010-12-22 23:07:58'),
(90, 4, 1011, 1000, '2010-12-22 23:07:59'),
(91, 4, 1021, 1000, '2010-12-22 23:08:01'),
(92, 4, 2110, 1000, '2010-12-22 23:08:04'),
(93, 4, 2111, 1000, '2010-12-22 23:08:06'),
(94, 4, 2111, 1000, '2010-12-22 23:08:06'),
(95, 4, 2111, 1000, '2010-12-22 23:08:07'),
(96, 4, 2111, 1000, '2010-12-22 23:08:08'),
(97, 4, 2000, 1000, '2010-12-22 23:08:12'),
(98, 4, 2100, 1000, '2010-12-22 23:08:15'),
(99, 4, 3000, 1000, '2010-12-22 23:08:22'),
(100, 4, 1003, 1000, '2010-12-22 23:08:30'),
(101, 4, 2002, 1000, '2010-12-22 23:08:33'),
(102, 4, 3900, -1000, '2010-12-22 23:08:38'),
(103, 3, 1000, 1000, '2010-12-22 23:09:29'),
(104, 3, 2012, 1000, '2010-12-22 23:09:31'),
(105, 3, 5100, 1000, '2010-12-22 23:09:33'),
(106, 3, 4200, -1000, '2010-12-22 23:09:35'),
(107, 3, 3100, 1000, '2010-12-22 23:09:36'),
(108, 3, 3700, -1000, '2010-12-22 23:09:37'),
(109, 3, 3800, 1000, '2010-12-22 23:09:38'),
(110, 3, 3900, 1000, '2010-12-22 23:09:39'),
(111, 3, 3900, -1000, '2010-12-22 23:09:40'),
(112, 3, 3900, 1000, '2010-12-22 23:09:40'),
(113, 3, 3900, 1000, '2010-12-22 23:09:41'),
(114, 3, 3900, 1000, '2010-12-22 23:09:42'),
(115, 3, 3900, 1000, '2010-12-22 23:09:43'),
(116, 3, 3900, 1000, '2010-12-22 23:09:44'),
(117, 3, 3000, 1000, '2010-12-22 23:09:45'),
(118, 3, 3200, 1000, '2010-12-22 23:12:34'),
(119, 3, 3100, -1000, '2010-12-22 23:12:35'),
(120, 3, 3001, -1000, '2010-12-22 23:12:36'),
(121, 3, 3001, 1000, '2010-12-22 23:12:37'),
(122, 3, 3001, 1000, '2010-12-22 23:12:38'),
(123, 3, 3001, 1000, '2010-12-22 23:12:39'),
(124, 3, 3001, 1000, '2010-12-22 23:12:40'),
(125, 3, 3001, 1000, '2010-12-22 23:12:40'),
(126, 3, 3001, 1000, '2010-12-22 23:12:41'),
(127, 3, 4200, 1000, '2010-12-22 23:12:44'),
(128, 3, 4200, 1000, '2010-12-22 23:14:06'),
(129, 3, 1020, -1000, '2010-12-22 23:19:48'),
(130, 3, 1021, 1000, '2010-12-22 23:19:50'),
(131, 3, 1022, 1000, '2010-12-22 23:19:51'),
(132, 3, 1023, 1000, '2010-12-22 23:19:52'),
(133, 3, 1023, 1000, '2010-12-22 23:19:53'),
(134, 4, 1020, -1000, '2010-12-22 23:21:04'),
(135, 4, 1020, 1000, '2010-12-22 23:21:06'),
(136, 4, 1020, 1000, '2010-12-22 23:21:06'),
(137, 4, 1020, 1000, '2010-12-22 23:21:07'),
(138, 4, 3300, -1000, '2010-12-22 23:45:33'),
(139, 4, 3001, 1000, '2010-12-23 03:22:05'),
(140, 4, 3100, 1000, '2010-12-23 03:22:06'),
(141, 4, 3100, 1000, '2010-12-23 03:22:07'),
(142, 4, 3100, 1000, '2010-12-23 03:22:08'),
(143, 4, 3700, 1000, '2010-12-23 03:22:09'),
(144, 4, 1023, -1000, '2010-12-23 03:22:17'),
(145, 4, 1000, 1000, '2010-12-23 14:40:45'),
(146, 4, 1000, 1000, '2010-12-23 14:40:46'),
(147, 4, 1000, 1000, '2010-12-23 14:40:48'),
(148, 4, 1000, 1000, '2010-12-23 14:40:49'),
(149, 4, 1000, 1000, '2010-12-23 14:40:51'),
(150, 4, 1000, 1000, '2010-12-23 14:40:53'),
(151, 4, 1000, 1000, '2010-12-23 14:40:54'),
(152, 4, 1000, -1000, '2010-12-23 14:41:04'),
(153, 4, 1000, -1000, '2010-12-23 14:41:05'),
(154, 4, 1000, -1000, '2010-12-23 14:41:06'),
(155, 4, 1000, -1000, '2010-12-23 14:41:07'),
(156, 4, 1000, -1000, '2010-12-23 14:41:29'),
(157, 4, 1000, -1000, '2010-12-23 14:42:12'),
(158, 4, 1000, -1000, '2010-12-23 14:43:04'),
(159, 4, 2110, 1000, '2010-12-23 23:17:15'),
(160, 4, 2110, 1000, '2010-12-23 23:17:18'),
(161, 4, 2110, 1000, '2010-12-23 23:17:20'),
(162, 4, 2110, 1000, '2010-12-23 23:17:23'),
(163, 5, 1010, 1000, '2010-12-23 23:51:52'),
(164, 5, 1010, 1000, '2010-12-23 23:51:53'),
(165, 5, 2012, 1000, '2010-12-23 23:51:54'),
(166, 5, 2012, -1000, '2010-12-23 23:51:55'),
(167, 5, 2012, 1000, '2010-12-23 23:51:59'),
(168, 5, 2012, 1000, '2010-12-23 23:52:01'),
(169, 5, 2002, 1000, '2010-12-23 23:52:03'),
(170, 5, 2000, 1000, '2010-12-23 23:52:04'),
(171, 5, 1001, 1000, '2010-12-23 23:52:05'),
(172, 5, 1000, 1000, '2010-12-23 23:52:06'),
(173, 5, 1000, 1000, '2010-12-23 23:52:07'),
(174, 5, 1000, 1000, '2010-12-23 23:52:07'),
(175, 4, 1000, 1000, '2010-12-24 00:37:40'),
(176, 4, 1000, 1000, '2010-12-24 00:37:41'),
(177, 4, 1000, -1000, '2010-12-24 00:37:42'),
(178, 4, 1000, 1000, '2010-12-24 00:45:40'),
(179, 3, 1100, 1000, '2010-12-24 00:50:39'),
(180, 4, 1110, 1000, '2010-12-24 01:09:14'),
(181, 4, 1000, -1000, '2010-12-24 01:09:57'),
(182, 4, 1000, -1000, '2010-12-24 01:10:00'),
(183, 4, 1000, -1000, '2010-12-24 01:10:01'),
(184, 4, 1000, 1000, '2010-12-24 01:10:02'),
(185, 4, 1000, 1000, '2010-12-24 01:12:38'),
(186, 4, 1000, 1000, '2010-12-24 01:13:17'),
(187, 4, 1000, 1000, '2010-12-24 01:13:49'),
(188, 4, 2111, -1000, '2010-12-24 01:13:52'),
(189, 4, 2111, -1000, '2010-12-24 01:13:54'),
(190, 4, 1000, -1000, '2010-12-24 01:13:57'),
(191, 4, 1000, 1000, '2010-12-24 01:13:58'),
(192, 4, 1000, 1000, '2010-12-24 01:13:59'),
(193, 4, 1023, -1000, '2010-12-24 01:14:12'),
(194, 4, 1023, 1000, '2010-12-24 01:14:15'),
(195, 4, 1023, 1000, '2010-12-24 01:14:15'),
(196, 4, 1023, 1000, '2010-12-24 01:14:16'),
(197, 4, 1023, 1000, '2010-12-24 01:14:17'),
(198, 4, 1022, 1000, '2010-12-24 01:17:57'),
(199, 1, 1000, 1000, '2010-12-24 01:20:09'),
(200, 1, 1001, 1000, '2010-12-24 01:20:11'),
(201, 1, 2002, 1000, '2010-12-24 01:20:13'),
(202, 1, 2002, -1000, '2010-12-24 01:20:14'),
(203, 1, 2002, 1000, '2010-12-24 01:20:15'),
(204, 1, 2002, 1000, '2010-12-24 01:20:16'),
(205, 1, 2002, 1000, '2010-12-24 01:20:35'),
(206, 1, 2002, 1000, '2010-12-24 01:21:29'),
(207, 1, 1011, 1000, '2010-12-24 01:21:50'),
(208, 1, 1010, -1000, '2010-12-24 01:21:52'),
(209, 1, 2110, 1000, '2010-12-24 01:22:00'),
(210, 1, 2110, 1000, '2010-12-24 01:22:01'),
(211, 1, 1011, 1000, '2010-12-24 01:22:09'),
(212, 1, 1011, 1000, '2010-12-24 01:22:10'),
(213, 1, 1011, 1000, '2010-12-24 01:22:11'),
(214, 1, 1011, 1000, '2010-12-24 01:22:11'),
(215, 1, 1011, 1000, '2010-12-24 01:22:12'),
(216, 1, 1011, 1000, '2010-12-24 01:22:13'),
(217, 1, 1011, 1000, '2010-12-24 01:22:14'),
(218, 1, 1011, 1000, '2010-12-24 01:22:17'),
(219, 1, 1000, 1000, '2010-12-24 01:22:50'),
(220, 1, 1000, 1000, '2010-12-24 01:22:51'),
(221, 1, 1104, 1000, '2010-12-24 01:22:53'),
(222, 1, 2111, 1000, '2010-12-24 01:22:55'),
(223, 4, 1000, -1000, '2010-12-24 01:23:16'),
(224, 4, 1000, -1000, '2010-12-24 01:23:17'),
(225, 4, 1000, -1000, '2010-12-24 01:23:17'),
(226, 4, 1001, -1000, '2010-12-24 01:26:46'),
(227, 4, 1001, -1000, '2010-12-24 01:26:46'),
(228, 4, 1001, -1000, '2010-12-24 01:26:47'),
(229, 4, 1001, -1000, '2010-12-24 01:26:48'),
(230, 4, 1001, -1000, '2010-12-24 01:26:49'),
(231, 4, 1001, -1000, '2010-12-24 01:26:49'),
(232, 4, 1001, -1000, '2010-12-24 01:26:50'),
(233, 4, 1001, -1000, '2010-12-24 01:26:51'),
(234, 4, 1001, -1000, '2010-12-24 01:26:51'),
(235, 4, 1001, -1000, '2010-12-24 01:26:52'),
(236, 4, 1001, -1000, '2010-12-24 01:26:52'),
(237, 4, 1001, -1000, '2010-12-24 01:26:53'),
(238, 4, 1001, -1000, '2010-12-24 01:26:54'),
(239, 4, 1001, -1000, '2010-12-24 01:26:54'),
(240, 4, 1001, -1000, '2010-12-24 01:26:55'),
(241, 4, 1001, -1000, '2010-12-24 01:27:49'),
(242, 4, 1000, -1000, '2010-12-24 01:27:51'),
(243, 6, 1011, -1000, '2010-12-24 01:27:57'),
(244, 6, 1010, -1000, '2010-12-24 01:27:59'),
(245, 6, 1002, 1000, '2010-12-24 01:28:02'),
(246, 6, 1002, 1000, '2010-12-24 01:28:03'),
(247, 6, 1000, 1000, '2010-12-24 01:28:05'),
(248, 6, 1000, 1000, '2010-12-24 01:28:06'),
(249, 7, 1003, 1000, '2010-12-24 01:29:13'),
(250, 1, 1000, 1000, '2010-12-24 01:32:45'),
(251, 4, 1023, 1000, '2010-12-24 17:29:45'),
(252, 4, 1023, 1000, '2010-12-24 17:29:47'),
(253, 4, 1010, -1000, '2010-12-24 17:29:48'),
(254, 4, 1010, -1000, '2010-12-24 17:32:05'),
(255, 4, 1010, -1000, '2010-12-24 17:33:16'),
(256, 4, 1010, -1000, '2010-12-24 17:33:39'),
(257, 4, 1010, -1000, '2010-12-24 17:45:17'),
(258, 4, 1001, -1000, '2010-12-24 17:45:21'),
(259, 4, 1001, -1000, '2010-12-24 17:45:22'),
(260, 4, 1001, -1000, '2010-12-24 17:45:22'),
(261, 4, 1001, -1000, '2010-12-24 17:45:23'),
(262, 4, 1001, -1000, '2010-12-24 17:45:23'),
(263, 4, 1001, -1000, '2010-12-24 17:45:24'),
(264, 4, 1001, -1000, '2010-12-24 17:45:24'),
(265, 1, 1001, 1000, '2010-12-24 17:57:17'),
(266, 1, 1001, 1000, '2010-12-24 17:57:17'),
(267, 1, 1001, 1000, '2010-12-24 17:57:18'),
(268, 1, 1002, 1000, '2010-12-24 17:57:19'),
(269, 1, 1003, 1000, '2010-12-24 17:57:19'),
(270, 1, 1023, 1000, '2010-12-24 17:57:22'),
(271, 1, 3000, 1000, '2010-12-24 18:12:30'),
(272, 1, 3000, 1000, '2010-12-24 18:13:15'),
(273, 1, 3100, 1000, '2010-12-24 18:13:17'),
(274, 1, 4200, 1000, '2010-12-24 18:13:26');

-- --------------------------------------------------------

--
-- Tabellenstruktur für Tabelle `struktur`
--

DROP TABLE IF EXISTS `struktur`;
CREATE TABLE IF NOT EXISTS `struktur` (
  `strukID` int(4) NOT NULL,
  `strukTeil` varchar(64) NOT NULL,
  `strukName` varchar(255) NOT NULL,
  `strukStatus` int(1) NOT NULL DEFAULT '1',
  PRIMARY KEY (`strukID`)
) ENGINE=MyISAM DEFAULT CHARSET=utf8;

--
-- Daten für Tabelle `struktur`
--

INSERT INTO `struktur` (`strukID`, `strukTeil`, `strukName`, `strukStatus`) VALUES
(1000, 'Liquide Mittel', 'Kasse', 1),
(1001, 'Liquide Mittel', 'Post', 1),
(1002, 'Liquide Mittel', 'Bank', 1),
(1010, 'Forderungen', 'Debitoren', 1),
(1011, 'Forderungen', 'Debitor VSt.', 1),
(1020, 'Vorräte', 'Waren', 1),
(3500, '', 'Unterhalt und Reperaturen', 1),
(1021, 'Vorräte', 'Rohmaterial', 1),
(1022, 'Vorräte', 'Halbfabrikate', 1),
(1023, 'Vorräte', 'Fertigfabrikate', 1),
(1100, 'Materielles AV', 'Maschinen', 1),
(1101, 'Materielles AV', 'Mobiliar', 1),
(1102, 'Materielles AV', 'Fahrzeuge', 1),
(1103, 'Materielles AV', 'Hard- und Software', 1),
(1104, 'Materielles AV', 'Immobilein', 1),
(1110, 'Finanzielles AV', 'Beteiligungen', 1),
(1120, 'Imaterielles AV', 'Patente', 1),
(2000, 'Kurzfristiges FK', 'Kreditoren', 1),
(2002, 'Kurzfristiges FK', 'Bank', 1),
(2010, 'Langfristiges FK', 'Darlehen', 1),
(2011, 'Langfristiges FK', 'Hypotheken', 1),
(2012, 'Langfristiges FK', 'Obligationen', 1),
(2100, 'Grundkapital', 'Aktienkapital', 1),
(2110, 'Zuwachskapital', 'Reserven', 1),
(2111, 'Zuwachskapital', 'Gewinnvortrag', 1),
(3000, '', 'Warenaufwand', 1),
(3001, '', 'Rohmaterialaufwand', 1),
(3100, '', 'Personalaufwand', 1),
(3200, '', 'Mietaufwand', 1),
(3300, '', 'Zinsaufwand', 1),
(3400, '', 'Abschreibungen', 1),
(3700, '', 'Energieaufwand', 1),
(3600, '', 'Versicherungsaufwand', 1),
(3800, '', 'Werbeaufwand', 1),
(1003, 'Liquide Mittel', 'Wertschriften', 1),
(3900, '', 'Übriger Aufwand', 1),
(4000, '', 'Warenertrag', 1),
(4100, '', 'Fabrikatenertrag', 1),
(4200, '', 'Zinsertrag', 1),
(5000, '', 'Eröffnungsbilanz', 1),
(5001, '', 'Schlussbilanz', 1),
(5100, '', 'Erfolgsrechnung', 1);

-- --------------------------------------------------------

--
-- Tabellenstruktur für Tabelle `user`
--

DROP TABLE IF EXISTS `user`;
CREATE TABLE IF NOT EXISTS `user` (
  `USERID` int(6) NOT NULL AUTO_INCREMENT,
  `NAME` varchar(64) NOT NULL,
  `PASS` varchar(64) NOT NULL,
  `PROFILE` varchar(5) NOT NULL DEFAULT 'user',
  `STATUS` int(1) NOT NULL DEFAULT '1',
  PRIMARY KEY (`USERID`),
  UNIQUE KEY `NAME` (`NAME`)
) ENGINE=MyISAM  DEFAULT CHARSET=utf8 AUTO_INCREMENT=11 ;

--
-- Daten für Tabelle `user`
--

INSERT INTO `user` (`USERID`, `NAME`, `PASS`, `PROFILE`, `STATUS`) VALUES
(1, 'alex', 'alex', 'user', 1),
(2, 'jive', 'jive', 'admin', 1),
(3, 'manuel', 'manuel', 'user', 1),
(4, 'mark', 'mark', 'admin', 1),
(5, 'milo', 'milo', 'admin', 1),
(6, 'zeljko', 'zeljko', 'user', 1),
(7, 'gast', 'gast', 'user', 1),
(8, 'max', 'max', 'user', 1),
(9, 'mac', 'mac', 'user', 1),
(10, 'mmm', 'mmm', 'user', 1);

-- --------------------------------------------------------

--
-- Tabellenstruktur für Tabelle `view_aktive`
--

DROP TABLE IF EXISTS `view_aktive`;
CREATE ALGORITHM=UNDEFINED DEFINER=`root`@`localhost` SQL SECURITY DEFINER VIEW `hszmdp`.`view_aktive` AS select max(`view_both`.`bilanzID`) AS `bilanzID`,max(`view_both`.`userID`) AS `userID`,max(`view_both`.`strukID`) AS `strukID`,max(`view_both`.`strukTeil`) AS `strukTeil`,max(`view_both`.`strukName`) AS `strukName`,max(`view_both`.`BETRAG`) AS `BETRAG` from `hszmdp`.`view_both` where (`view_both`.`strukID` < 2000) group by `view_both`.`bilanzID`,`view_both`.`strukID`;

--
-- Daten für Tabelle `view_aktive`
--

INSERT INTO `view_aktive` (`bilanzID`, `userID`, `strukID`, `strukTeil`, `strukName`, `BETRAG`) VALUES
(1, 7, 1000, 'Liquide Mittel', 'Kasse', 4000),
(1, 7, 1001, 'Liquide Mittel', 'Post', 4000),
(1, 7, 1002, 'Liquide Mittel', 'Bank', 1000),
(1, 7, 1003, 'Liquide Mittel', 'Wertschriften', 1000),
(1, 7, 1010, 'Forderungen', 'Debitoren', 0),
(1, 7, 1011, 'Forderungen', 'Debitor VSt.', 9000),
(1, 7, 1020, 'Vorräte', 'Waren', 0),
(1, 7, 1021, 'Vorräte', 'Rohmaterial', 0),
(1, 7, 1022, 'Vorräte', 'Halbfabrikate', 0),
(1, 7, 1023, 'Vorräte', 'Fertigfabrikate', 1000),
(1, 7, 1100, 'Materielles AV', 'Maschinen', 0),
(1, 7, 1101, 'Materielles AV', 'Mobiliar', 0),
(1, 7, 1102, 'Materielles AV', 'Fahrzeuge', 0),
(1, 7, 1103, 'Materielles AV', 'Hard- und Software', 0),
(1, 7, 1104, 'Materielles AV', 'Immobilein', 1000),
(1, 7, 1110, 'Finanzielles AV', 'Beteiligungen', 0),
(1, 7, 1120, 'Imaterielles AV', 'Patente', 0),
(3, 4, 1000, 'Liquide Mittel', 'Kasse', 1000),
(3, 4, 1001, 'Liquide Mittel', 'Post', 0),
(3, 4, 1002, 'Liquide Mittel', 'Bank', 0),
(3, 4, 1003, 'Liquide Mittel', 'Wertschriften', 0),
(3, 4, 1010, 'Forderungen', 'Debitoren', 0),
(3, 4, 1011, 'Forderungen', 'Debitor VSt.', 0),
(3, 4, 1020, 'Vorräte', 'Waren', 0),
(3, 4, 1021, 'Vorräte', 'Rohmaterial', 1000),
(3, 4, 1022, 'Vorräte', 'Halbfabrikate', 1000),
(3, 4, 1023, 'Vorräte', 'Fertigfabrikate', 2000),
(3, 4, 1100, 'Materielles AV', 'Maschinen', 1000),
(3, 4, 1101, 'Materielles AV', 'Mobiliar', 0),
(3, 4, 1102, 'Materielles AV', 'Fahrzeuge', 0),
(3, 4, 1103, 'Materielles AV', 'Hard- und Software', 0),
(3, 4, 1104, 'Materielles AV', 'Immobilein', 0),
(3, 4, 1110, 'Finanzielles AV', 'Beteiligungen', 0),
(3, 4, 1120, 'Imaterielles AV', 'Patente', 0),
(4, 4, 1000, 'Liquide Mittel', 'Kasse', 1000),
(4, 4, 1001, 'Liquide Mittel', 'Post', 179000),
(4, 4, 1002, 'Liquide Mittel', 'Bank', 1000),
(4, 4, 1003, 'Liquide Mittel', 'Wertschriften', 1000),
(4, 4, 1010, 'Forderungen', 'Debitoren', 0),
(4, 4, 1011, 'Forderungen', 'Debitor VSt.', 1000),
(4, 4, 1020, 'Vorräte', 'Waren', 2000),
(4, 4, 1021, 'Vorräte', 'Rohmaterial', 1000),
(4, 4, 1022, 'Vorräte', 'Halbfabrikate', 1000),
(4, 4, 1023, 'Vorräte', 'Fertigfabrikate', 5000),
(4, 4, 1100, 'Materielles AV', 'Maschinen', 0),
(4, 4, 1101, 'Materielles AV', 'Mobiliar', 0),
(4, 4, 1102, 'Materielles AV', 'Fahrzeuge', 0),
(4, 4, 1103, 'Materielles AV', 'Hard- und Software', 1000),
(4, 4, 1104, 'Materielles AV', 'Immobilein', 1000),
(4, 4, 1110, 'Finanzielles AV', 'Beteiligungen', 1000),
(4, 4, 1120, 'Imaterielles AV', 'Patente', 0),
(5, 7, 1000, 'Liquide Mittel', 'Kasse', 3000),
(5, 7, 1001, 'Liquide Mittel', 'Post', 1000),
(5, 7, 1002, 'Liquide Mittel', 'Bank', 0),
(5, 7, 1003, 'Liquide Mittel', 'Wertschriften', 0),
(5, 7, 1010, 'Forderungen', 'Debitoren', 2000),
(5, 7, 1011, 'Forderungen', 'Debitor VSt.', 0),
(5, 7, 1020, 'Vorräte', 'Waren', 0),
(5, 7, 1021, 'Vorräte', 'Rohmaterial', 0),
(5, 7, 1022, 'Vorräte', 'Halbfabrikate', 0),
(5, 7, 1023, 'Vorräte', 'Fertigfabrikate', 0),
(5, 7, 1100, 'Materielles AV', 'Maschinen', 0),
(5, 7, 1101, 'Materielles AV', 'Mobiliar', 0),
(5, 7, 1102, 'Materielles AV', 'Fahrzeuge', 0),
(5, 7, 1103, 'Materielles AV', 'Hard- und Software', 0),
(5, 7, 1104, 'Materielles AV', 'Immobilein', 0),
(5, 7, 1110, 'Finanzielles AV', 'Beteiligungen', 0),
(5, 7, 1120, 'Imaterielles AV', 'Patente', 0),
(6, 4, 1000, 'Liquide Mittel', 'Kasse', 2000),
(6, 4, 1001, 'Liquide Mittel', 'Post', 0),
(6, 4, 1002, 'Liquide Mittel', 'Bank', 2000),
(6, 4, 1003, 'Liquide Mittel', 'Wertschriften', 0),
(6, 4, 1010, 'Forderungen', 'Debitoren', 0),
(6, 4, 1011, 'Forderungen', 'Debitor VSt.', 0),
(6, 4, 1020, 'Vorräte', 'Waren', 0),
(6, 4, 1021, 'Vorräte', 'Rohmaterial', 0),
(6, 4, 1022, 'Vorräte', 'Halbfabrikate', 0),
(6, 4, 1023, 'Vorräte', 'Fertigfabrikate', 0),
(6, 4, 1100, 'Materielles AV', 'Maschinen', 0),
(6, 4, 1101, 'Materielles AV', 'Mobiliar', 0),
(6, 4, 1102, 'Materielles AV', 'Fahrzeuge', 0),
(6, 4, 1103, 'Materielles AV', 'Hard- und Software', 0),
(6, 4, 1104, 'Materielles AV', 'Immobilein', 0),
(6, 4, 1110, 'Finanzielles AV', 'Beteiligungen', 0),
(6, 4, 1120, 'Imaterielles AV', 'Patente', 0),
(7, 4, 1000, 'Liquide Mittel', 'Kasse', 0),
(7, 4, 1001, 'Liquide Mittel', 'Post', 0),
(7, 4, 1002, 'Liquide Mittel', 'Bank', 0),
(7, 4, 1003, 'Liquide Mittel', 'Wertschriften', 1000),
(7, 4, 1010, 'Forderungen', 'Debitoren', 0),
(7, 4, 1011, 'Forderungen', 'Debitor VSt.', 0),
(7, 4, 1020, 'Vorräte', 'Waren', 0),
(7, 4, 1021, 'Vorräte', 'Rohmaterial', 0),
(7, 4, 1022, 'Vorräte', 'Halbfabrikate', 0),
(7, 4, 1023, 'Vorräte', 'Fertigfabrikate', 0),
(7, 4, 1100, 'Materielles AV', 'Maschinen', 0),
(7, 4, 1101, 'Materielles AV', 'Mobiliar', 0),
(7, 4, 1102, 'Materielles AV', 'Fahrzeuge', 0),
(7, 4, 1103, 'Materielles AV', 'Hard- und Software', 0),
(7, 4, 1104, 'Materielles AV', 'Immobilein', 0),
(7, 4, 1110, 'Finanzielles AV', 'Beteiligungen', 0),
(7, 4, 1120, 'Imaterielles AV', 'Patente', 0),
(8, 10, 1000, 'Liquide Mittel', 'Kasse', 0),
(8, 10, 1001, 'Liquide Mittel', 'Post', 0),
(8, 10, 1002, 'Liquide Mittel', 'Bank', 0),
(8, 10, 1003, 'Liquide Mittel', 'Wertschriften', 0),
(8, 10, 1010, 'Forderungen', 'Debitoren', 0),
(8, 10, 1011, 'Forderungen', 'Debitor VSt.', 0),
(8, 10, 1020, 'Vorräte', 'Waren', 0),
(8, 10, 1021, 'Vorräte', 'Rohmaterial', 0),
(8, 10, 1022, 'Vorräte', 'Halbfabrikate', 0),
(8, 10, 1023, 'Vorräte', 'Fertigfabrikate', 0),
(8, 10, 1100, 'Materielles AV', 'Maschinen', 0),
(8, 10, 1101, 'Materielles AV', 'Mobiliar', 0),
(8, 10, 1102, 'Materielles AV', 'Fahrzeuge', 0),
(8, 10, 1103, 'Materielles AV', 'Hard- und Software', 0),
(8, 10, 1104, 'Materielles AV', 'Immobilein', 0),
(8, 10, 1110, 'Finanzielles AV', 'Beteiligungen', 0),
(8, 10, 1120, 'Imaterielles AV', 'Patente', 0);

-- --------------------------------------------------------

--
-- Tabellenstruktur für Tabelle `view_aufwand`
--

DROP TABLE IF EXISTS `view_aufwand`;
CREATE ALGORITHM=UNDEFINED DEFINER=`root`@`localhost` SQL SECURITY DEFINER VIEW `hszmdp`.`view_aufwand` AS select max(`view_both`.`bilanzID`) AS `bilanzID`,max(`view_both`.`userID`) AS `userID`,max(`view_both`.`strukID`) AS `strukID`,max(`view_both`.`strukTeil`) AS `strukTeil`,max(`view_both`.`strukName`) AS `strukName`,max(`view_both`.`BETRAG`) AS `BETRAG` from `hszmdp`.`view_both` where (`view_both`.`strukID` between 3000 and 3999) group by `view_both`.`bilanzID`,`view_both`.`strukID`;

--
-- Daten für Tabelle `view_aufwand`
--

INSERT INTO `view_aufwand` (`bilanzID`, `userID`, `strukID`, `strukTeil`, `strukName`, `BETRAG`) VALUES
(1, 7, 3000, '', 'Warenaufwand', 2000),
(1, 7, 3001, '', 'Rohmaterialaufwand', 0),
(1, 7, 3100, '', 'Personalaufwand', 1000),
(1, 7, 3200, '', 'Mietaufwand', 0),
(1, 7, 3300, '', 'Zinsaufwand', 0),
(1, 7, 3400, '', 'Abschreibungen', 0),
(1, 7, 3500, '', 'Unterhalt und Reperaturen', 0),
(1, 7, 3600, '', 'Versicherungsaufwand', 0),
(1, 7, 3700, '', 'Energieaufwand', 0),
(1, 7, 3800, '', 'Werbeaufwand', 0),
(1, 7, 3900, '', 'Übriger Aufwand', 0),
(3, 4, 3000, '', 'Warenaufwand', 1000),
(3, 4, 3001, '', 'Rohmaterialaufwand', 5000),
(3, 4, 3100, '', 'Personalaufwand', 0),
(3, 4, 3200, '', 'Mietaufwand', 1000),
(3, 4, 3300, '', 'Zinsaufwand', 0),
(3, 4, 3400, '', 'Abschreibungen', 0),
(3, 4, 3500, '', 'Unterhalt und Reperaturen', 0),
(3, 4, 3600, '', 'Versicherungsaufwand', 0),
(3, 4, 3700, '', 'Energieaufwand', 0),
(3, 4, 3800, '', 'Werbeaufwand', 1000),
(3, 4, 3900, '', 'Übriger Aufwand', 5000),
(4, 4, 3000, '', 'Warenaufwand', 7000),
(4, 4, 3001, '', 'Rohmaterialaufwand', 2000),
(4, 4, 3100, '', 'Personalaufwand', 3000),
(4, 4, 3200, '', 'Mietaufwand', 4000),
(4, 4, 3300, '', 'Zinsaufwand', 3000),
(4, 4, 3400, '', 'Abschreibungen', 3000),
(4, 4, 3500, '', 'Unterhalt und Reperaturen', 3000),
(4, 4, 3600, '', 'Versicherungsaufwand', 1000),
(4, 4, 3700, '', 'Energieaufwand', 1000),
(4, 4, 3800, '', 'Werbeaufwand', 3000),
(4, 4, 3900, '', 'Übriger Aufwand', 0),
(5, 7, 3000, '', 'Warenaufwand', 0),
(5, 7, 3001, '', 'Rohmaterialaufwand', 0),
(5, 7, 3100, '', 'Personalaufwand', 0),
(5, 7, 3200, '', 'Mietaufwand', 0),
(5, 7, 3300, '', 'Zinsaufwand', 0),
(5, 7, 3400, '', 'Abschreibungen', 0),
(5, 7, 3500, '', 'Unterhalt und Reperaturen', 0),
(5, 7, 3600, '', 'Versicherungsaufwand', 0),
(5, 7, 3700, '', 'Energieaufwand', 0),
(5, 7, 3800, '', 'Werbeaufwand', 0),
(5, 7, 3900, '', 'Übriger Aufwand', 0),
(6, 4, 3000, '', 'Warenaufwand', 0),
(6, 4, 3001, '', 'Rohmaterialaufwand', 0),
(6, 4, 3100, '', 'Personalaufwand', 0),
(6, 4, 3200, '', 'Mietaufwand', 0),
(6, 4, 3300, '', 'Zinsaufwand', 0),
(6, 4, 3400, '', 'Abschreibungen', 0),
(6, 4, 3500, '', 'Unterhalt und Reperaturen', 0),
(6, 4, 3600, '', 'Versicherungsaufwand', 0),
(6, 4, 3700, '', 'Energieaufwand', 0),
(6, 4, 3800, '', 'Werbeaufwand', 0),
(6, 4, 3900, '', 'Übriger Aufwand', 0),
(7, 4, 3000, '', 'Warenaufwand', 0),
(7, 4, 3001, '', 'Rohmaterialaufwand', 0),
(7, 4, 3100, '', 'Personalaufwand', 0),
(7, 4, 3200, '', 'Mietaufwand', 0),
(7, 4, 3300, '', 'Zinsaufwand', 0),
(7, 4, 3400, '', 'Abschreibungen', 0),
(7, 4, 3500, '', 'Unterhalt und Reperaturen', 0),
(7, 4, 3600, '', 'Versicherungsaufwand', 0),
(7, 4, 3700, '', 'Energieaufwand', 0),
(7, 4, 3800, '', 'Werbeaufwand', 0),
(7, 4, 3900, '', 'Übriger Aufwand', 0),
(8, 10, 3000, '', 'Warenaufwand', 0),
(8, 10, 3001, '', 'Rohmaterialaufwand', 0),
(8, 10, 3100, '', 'Personalaufwand', 0),
(8, 10, 3200, '', 'Mietaufwand', 0),
(8, 10, 3300, '', 'Zinsaufwand', 0),
(8, 10, 3400, '', 'Abschreibungen', 0),
(8, 10, 3500, '', 'Unterhalt und Reperaturen', 0),
(8, 10, 3600, '', 'Versicherungsaufwand', 0),
(8, 10, 3700, '', 'Energieaufwand', 0),
(8, 10, 3800, '', 'Werbeaufwand', 0),
(8, 10, 3900, '', 'Übriger Aufwand', 0);

-- --------------------------------------------------------

--
-- Tabellenstruktur für Tabelle `view_bilanz`
--

DROP TABLE IF EXISTS `view_bilanz`;
CREATE ALGORITHM=UNDEFINED DEFINER=`root`@`localhost` SQL SECURITY DEFINER VIEW `hszmdp`.`view_bilanz` AS select `hszmdp`.`buchung`.`bilanzID` AS `bilanzID`,`hszmdp`.`bilanz`.`userID` AS `userID`,`hszmdp`.`struktur`.`strukID` AS `strukID`,`hszmdp`.`struktur`.`strukTeil` AS `strukTeil`,`hszmdp`.`struktur`.`strukName` AS `strukName`,sum(`hszmdp`.`buchung`.`buchBetrag`) AS `BETRAG` from ((`hszmdp`.`struktur` join `hszmdp`.`buchung`) join `hszmdp`.`bilanz`) where ((`hszmdp`.`struktur`.`strukID` = `hszmdp`.`buchung`.`strukID`) and (`hszmdp`.`buchung`.`bilanzID` = `hszmdp`.`bilanz`.`bilanzID`)) group by `hszmdp`.`buchung`.`bilanzID`,`hszmdp`.`struktur`.`strukID`;

--
-- Daten für Tabelle `view_bilanz`
--

INSERT INTO `view_bilanz` (`bilanzID`, `userID`, `strukID`, `strukTeil`, `strukName`, `BETRAG`) VALUES
(1, 7, 1000, 'Liquide Mittel', 'Kasse', 4000),
(1, 7, 1001, 'Liquide Mittel', 'Post', 4000),
(1, 7, 1002, 'Liquide Mittel', 'Bank', 1000),
(1, 7, 1003, 'Liquide Mittel', 'Wertschriften', 1000),
(1, 7, 1010, 'Forderungen', 'Debitoren', -1000),
(1, 7, 1011, 'Forderungen', 'Debitor VSt.', 9000),
(1, 7, 1023, 'Vorräte', 'Fertigfabrikate', 1000),
(1, 7, 1104, 'Materielles AV', 'Immobilein', 1000),
(1, 7, 2002, 'Kurzfristiges FK', 'Bank', 4000),
(1, 7, 2110, 'Zuwachskapital', 'Reserven', 2000),
(1, 7, 2111, 'Zuwachskapital', 'Gewinnvortrag', 1000),
(1, 7, 3000, '', 'Warenaufwand', 2000),
(1, 7, 3100, '', 'Personalaufwand', 1000),
(1, 7, 4200, '', 'Zinsertrag', 1000),
(3, 4, 1000, 'Liquide Mittel', 'Kasse', 1000),
(3, 4, 1020, 'Vorräte', 'Waren', -1000),
(3, 4, 1021, 'Vorräte', 'Rohmaterial', 1000),
(3, 4, 1022, 'Vorräte', 'Halbfabrikate', 1000),
(3, 4, 1023, 'Vorräte', 'Fertigfabrikate', 2000),
(3, 4, 1100, 'Materielles AV', 'Maschinen', 1000),
(3, 4, 2012, 'Langfristiges FK', 'Obligationen', 1000),
(3, 4, 3000, '', 'Warenaufwand', 1000),
(3, 4, 3001, '', 'Rohmaterialaufwand', 5000),
(3, 4, 3100, '', 'Personalaufwand', 0),
(3, 4, 3200, '', 'Mietaufwand', 1000),
(3, 4, 3700, '', 'Energieaufwand', -1000),
(3, 4, 3800, '', 'Werbeaufwand', 1000),
(3, 4, 3900, '', 'Übriger Aufwand', 5000),
(3, 4, 4200, '', 'Zinsertrag', 1000),
(3, 4, 5100, '', 'Erfolgsrechnung', 1000),
(4, 4, 1000, 'Liquide Mittel', 'Kasse', 1000),
(4, 4, 1001, 'Liquide Mittel', 'Post', 179000),
(4, 4, 1002, 'Liquide Mittel', 'Bank', 1000),
(4, 4, 1003, 'Liquide Mittel', 'Wertschriften', 1000),
(4, 4, 1010, 'Forderungen', 'Debitoren', -4000),
(4, 4, 1011, 'Forderungen', 'Debitor VSt.', 1000),
(4, 4, 1020, 'Vorräte', 'Waren', 2000),
(4, 4, 1021, 'Vorräte', 'Rohmaterial', 1000),
(4, 4, 1022, 'Vorräte', 'Halbfabrikate', 1000),
(4, 4, 1023, 'Vorräte', 'Fertigfabrikate', 5000),
(4, 4, 1102, 'Materielles AV', 'Fahrzeuge', -2000),
(4, 4, 1103, 'Materielles AV', 'Hard- und Software', 1000),
(4, 4, 1104, 'Materielles AV', 'Immobilein', 1000),
(4, 4, 1110, 'Finanzielles AV', 'Beteiligungen', 1000),
(4, 4, 2000, 'Kurzfristiges FK', 'Kreditoren', 1000),
(4, 4, 2002, 'Kurzfristiges FK', 'Bank', 2000),
(4, 4, 2010, 'Langfristiges FK', 'Darlehen', 200000),
(4, 4, 2011, 'Langfristiges FK', 'Hypotheken', 1000),
(4, 4, 2012, 'Langfristiges FK', 'Obligationen', 1000),
(4, 4, 2100, 'Grundkapital', 'Aktienkapital', 1000),
(4, 4, 2110, 'Zuwachskapital', 'Reserven', 5000),
(4, 4, 2111, 'Zuwachskapital', 'Gewinnvortrag', 5000),
(4, 4, 3000, '', 'Warenaufwand', 7000),
(4, 4, 3001, '', 'Rohmaterialaufwand', 2000),
(4, 4, 3100, '', 'Personalaufwand', 3000),
(4, 4, 3200, '', 'Mietaufwand', 4000),
(4, 4, 3300, '', 'Zinsaufwand', 3000),
(4, 4, 3400, '', 'Abschreibungen', 3000),
(4, 4, 3500, '', 'Unterhalt und Reperaturen', 3000),
(4, 4, 3600, '', 'Versicherungsaufwand', 1000),
(4, 4, 3700, '', 'Energieaufwand', 1000),
(4, 4, 3800, '', 'Werbeaufwand', 3000),
(4, 4, 3900, '', 'Übriger Aufwand', 0),
(4, 4, 4000, '', 'Warenertrag', 2000),
(4, 4, 4100, '', 'Fabrikatenertrag', 5000),
(4, 4, 4200, '', 'Zinsertrag', 5000),
(4, 4, 5000, '', 'Eröffnungsbilanz', 1000),
(4, 4, 5001, '', 'Schlussbilanz', -1000),
(4, 4, 5100, '', 'Erfolgsrechnung', 7000),
(5, 7, 1000, 'Liquide Mittel', 'Kasse', 3000),
(5, 7, 1001, 'Liquide Mittel', 'Post', 1000),
(5, 7, 1010, 'Forderungen', 'Debitoren', 2000),
(5, 7, 2000, 'Kurzfristiges FK', 'Kreditoren', 1000),
(5, 7, 2002, 'Kurzfristiges FK', 'Bank', 1000),
(5, 7, 2012, 'Langfristiges FK', 'Obligationen', 2000),
(6, 4, 1000, 'Liquide Mittel', 'Kasse', 2000),
(6, 4, 1002, 'Liquide Mittel', 'Bank', 2000),
(6, 4, 1010, 'Forderungen', 'Debitoren', -1000),
(6, 4, 1011, 'Forderungen', 'Debitor VSt.', -1000),
(7, 4, 1003, 'Liquide Mittel', 'Wertschriften', 1000);

-- --------------------------------------------------------

--
-- Tabellenstruktur für Tabelle `view_both`
--

DROP TABLE IF EXISTS `view_both`;
CREATE ALGORITHM=UNDEFINED DEFINER=`root`@`localhost` SQL SECURITY DEFINER VIEW `hszmdp`.`view_both` AS select `view_bilanz`.`bilanzID` AS `bilanzID`,`view_bilanz`.`userID` AS `userID`,`view_bilanz`.`strukID` AS `strukID`,`view_bilanz`.`strukTeil` AS `strukTeil`,`view_bilanz`.`strukName` AS `strukName`,`view_bilanz`.`BETRAG` AS `BETRAG` from `hszmdp`.`view_bilanz` union select `view_null`.`bilanzID` AS `bilanzID`,`view_null`.`userID` AS `userID`,`view_null`.`strukID` AS `strukID`,`view_null`.`strukTeil` AS `strukTeil`,`view_null`.`strukName` AS `strukName`,`view_null`.`Betrag` AS `BETRAG` from `hszmdp`.`view_null`;

--
-- Daten für Tabelle `view_both`
--

INSERT INTO `view_both` (`bilanzID`, `userID`, `strukID`, `strukTeil`, `strukName`, `BETRAG`) VALUES
(1, 7, 1000, 'Liquide Mittel', 'Kasse', 4000),
(1, 7, 1001, 'Liquide Mittel', 'Post', 4000),
(1, 7, 1002, 'Liquide Mittel', 'Bank', 1000),
(1, 7, 1003, 'Liquide Mittel', 'Wertschriften', 1000),
(1, 7, 1010, 'Forderungen', 'Debitoren', -1000),
(1, 7, 1011, 'Forderungen', 'Debitor VSt.', 9000),
(1, 7, 1023, 'Vorräte', 'Fertigfabrikate', 1000),
(1, 7, 1104, 'Materielles AV', 'Immobilein', 1000),
(1, 7, 2002, 'Kurzfristiges FK', 'Bank', 4000),
(1, 7, 2110, 'Zuwachskapital', 'Reserven', 2000),
(1, 7, 2111, 'Zuwachskapital', 'Gewinnvortrag', 1000),
(1, 7, 3000, '', 'Warenaufwand', 2000),
(1, 7, 3100, '', 'Personalaufwand', 1000),
(1, 7, 4200, '', 'Zinsertrag', 1000),
(3, 4, 1000, 'Liquide Mittel', 'Kasse', 1000),
(3, 4, 1020, 'Vorräte', 'Waren', -1000),
(3, 4, 1021, 'Vorräte', 'Rohmaterial', 1000),
(3, 4, 1022, 'Vorräte', 'Halbfabrikate', 1000),
(3, 4, 1023, 'Vorräte', 'Fertigfabrikate', 2000),
(3, 4, 1100, 'Materielles AV', 'Maschinen', 1000),
(3, 4, 2012, 'Langfristiges FK', 'Obligationen', 1000),
(3, 4, 3000, '', 'Warenaufwand', 1000),
(3, 4, 3001, '', 'Rohmaterialaufwand', 5000),
(3, 4, 3100, '', 'Personalaufwand', 0),
(3, 4, 3200, '', 'Mietaufwand', 1000),
(3, 4, 3700, '', 'Energieaufwand', -1000),
(3, 4, 3800, '', 'Werbeaufwand', 1000),
(3, 4, 3900, '', 'Übriger Aufwand', 5000),
(3, 4, 4200, '', 'Zinsertrag', 1000),
(3, 4, 5100, '', 'Erfolgsrechnung', 1000),
(4, 4, 1000, 'Liquide Mittel', 'Kasse', 1000),
(4, 4, 1001, 'Liquide Mittel', 'Post', 179000),
(4, 4, 1002, 'Liquide Mittel', 'Bank', 1000),
(4, 4, 1003, 'Liquide Mittel', 'Wertschriften', 1000),
(4, 4, 1010, 'Forderungen', 'Debitoren', -4000),
(4, 4, 1011, 'Forderungen', 'Debitor VSt.', 1000),
(4, 4, 1020, 'Vorräte', 'Waren', 2000),
(4, 4, 1021, 'Vorräte', 'Rohmaterial', 1000),
(4, 4, 1022, 'Vorräte', 'Halbfabrikate', 1000),
(4, 4, 1023, 'Vorräte', 'Fertigfabrikate', 5000),
(4, 4, 1102, 'Materielles AV', 'Fahrzeuge', -2000),
(4, 4, 1103, 'Materielles AV', 'Hard- und Software', 1000),
(4, 4, 1104, 'Materielles AV', 'Immobilein', 1000),
(4, 4, 1110, 'Finanzielles AV', 'Beteiligungen', 1000),
(4, 4, 2000, 'Kurzfristiges FK', 'Kreditoren', 1000),
(4, 4, 2002, 'Kurzfristiges FK', 'Bank', 2000),
(4, 4, 2010, 'Langfristiges FK', 'Darlehen', 200000),
(4, 4, 2011, 'Langfristiges FK', 'Hypotheken', 1000),
(4, 4, 2012, 'Langfristiges FK', 'Obligationen', 1000),
(4, 4, 2100, 'Grundkapital', 'Aktienkapital', 1000),
(4, 4, 2110, 'Zuwachskapital', 'Reserven', 5000),
(4, 4, 2111, 'Zuwachskapital', 'Gewinnvortrag', 5000),
(4, 4, 3000, '', 'Warenaufwand', 7000),
(4, 4, 3001, '', 'Rohmaterialaufwand', 2000),
(4, 4, 3100, '', 'Personalaufwand', 3000),
(4, 4, 3200, '', 'Mietaufwand', 4000),
(4, 4, 3300, '', 'Zinsaufwand', 3000),
(4, 4, 3400, '', 'Abschreibungen', 3000),
(4, 4, 3500, '', 'Unterhalt und Reperaturen', 3000),
(4, 4, 3600, '', 'Versicherungsaufwand', 1000),
(4, 4, 3700, '', 'Energieaufwand', 1000),
(4, 4, 3800, '', 'Werbeaufwand', 3000),
(4, 4, 3900, '', 'Übriger Aufwand', 0),
(4, 4, 4000, '', 'Warenertrag', 2000),
(4, 4, 4100, '', 'Fabrikatenertrag', 5000),
(4, 4, 4200, '', 'Zinsertrag', 5000),
(4, 4, 5000, '', 'Eröffnungsbilanz', 1000),
(4, 4, 5001, '', 'Schlussbilanz', -1000),
(4, 4, 5100, '', 'Erfolgsrechnung', 7000),
(5, 7, 1000, 'Liquide Mittel', 'Kasse', 3000),
(5, 7, 1001, 'Liquide Mittel', 'Post', 1000),
(5, 7, 1010, 'Forderungen', 'Debitoren', 2000),
(5, 7, 2000, 'Kurzfristiges FK', 'Kreditoren', 1000),
(5, 7, 2002, 'Kurzfristiges FK', 'Bank', 1000),
(5, 7, 2012, 'Langfristiges FK', 'Obligationen', 2000),
(6, 4, 1000, 'Liquide Mittel', 'Kasse', 2000),
(6, 4, 1002, 'Liquide Mittel', 'Bank', 2000),
(6, 4, 1010, 'Forderungen', 'Debitoren', -1000),
(6, 4, 1011, 'Forderungen', 'Debitor VSt.', -1000),
(7, 4, 1003, 'Liquide Mittel', 'Wertschriften', 1000),
(1, 7, 1000, 'Liquide Mittel', 'Kasse', 0),
(3, 4, 1000, 'Liquide Mittel', 'Kasse', 0),
(4, 4, 1000, 'Liquide Mittel', 'Kasse', 0),
(5, 7, 1000, 'Liquide Mittel', 'Kasse', 0),
(6, 4, 1000, 'Liquide Mittel', 'Kasse', 0),
(7, 4, 1000, 'Liquide Mittel', 'Kasse', 0),
(8, 10, 1000, 'Liquide Mittel', 'Kasse', 0),
(1, 7, 1001, 'Liquide Mittel', 'Post', 0),
(3, 4, 1001, 'Liquide Mittel', 'Post', 0),
(4, 4, 1001, 'Liquide Mittel', 'Post', 0),
(5, 7, 1001, 'Liquide Mittel', 'Post', 0),
(6, 4, 1001, 'Liquide Mittel', 'Post', 0),
(7, 4, 1001, 'Liquide Mittel', 'Post', 0),
(8, 10, 1001, 'Liquide Mittel', 'Post', 0),
(1, 7, 1002, 'Liquide Mittel', 'Bank', 0),
(3, 4, 1002, 'Liquide Mittel', 'Bank', 0),
(4, 4, 1002, 'Liquide Mittel', 'Bank', 0),
(5, 7, 1002, 'Liquide Mittel', 'Bank', 0),
(6, 4, 1002, 'Liquide Mittel', 'Bank', 0),
(7, 4, 1002, 'Liquide Mittel', 'Bank', 0),
(8, 10, 1002, 'Liquide Mittel', 'Bank', 0),
(1, 7, 1010, 'Forderungen', 'Debitoren', 0),
(3, 4, 1010, 'Forderungen', 'Debitoren', 0),
(4, 4, 1010, 'Forderungen', 'Debitoren', 0),
(5, 7, 1010, 'Forderungen', 'Debitoren', 0),
(6, 4, 1010, 'Forderungen', 'Debitoren', 0),
(7, 4, 1010, 'Forderungen', 'Debitoren', 0),
(8, 10, 1010, 'Forderungen', 'Debitoren', 0),
(1, 7, 1011, 'Forderungen', 'Debitor VSt.', 0),
(3, 4, 1011, 'Forderungen', 'Debitor VSt.', 0),
(4, 4, 1011, 'Forderungen', 'Debitor VSt.', 0),
(5, 7, 1011, 'Forderungen', 'Debitor VSt.', 0),
(6, 4, 1011, 'Forderungen', 'Debitor VSt.', 0),
(7, 4, 1011, 'Forderungen', 'Debitor VSt.', 0),
(8, 10, 1011, 'Forderungen', 'Debitor VSt.', 0),
(1, 7, 1020, 'Vorräte', 'Waren', 0),
(3, 4, 1020, 'Vorräte', 'Waren', 0),
(4, 4, 1020, 'Vorräte', 'Waren', 0),
(5, 7, 1020, 'Vorräte', 'Waren', 0),
(6, 4, 1020, 'Vorräte', 'Waren', 0),
(7, 4, 1020, 'Vorräte', 'Waren', 0),
(8, 10, 1020, 'Vorräte', 'Waren', 0),
(1, 7, 3500, '', 'Unterhalt und Reperaturen', 0),
(3, 4, 3500, '', 'Unterhalt und Reperaturen', 0),
(4, 4, 3500, '', 'Unterhalt und Reperaturen', 0),
(5, 7, 3500, '', 'Unterhalt und Reperaturen', 0),
(6, 4, 3500, '', 'Unterhalt und Reperaturen', 0),
(7, 4, 3500, '', 'Unterhalt und Reperaturen', 0),
(8, 10, 3500, '', 'Unterhalt und Reperaturen', 0),
(1, 7, 1021, 'Vorräte', 'Rohmaterial', 0),
(3, 4, 1021, 'Vorräte', 'Rohmaterial', 0),
(4, 4, 1021, 'Vorräte', 'Rohmaterial', 0),
(5, 7, 1021, 'Vorräte', 'Rohmaterial', 0),
(6, 4, 1021, 'Vorräte', 'Rohmaterial', 0),
(7, 4, 1021, 'Vorräte', 'Rohmaterial', 0),
(8, 10, 1021, 'Vorräte', 'Rohmaterial', 0),
(1, 7, 1022, 'Vorräte', 'Halbfabrikate', 0),
(3, 4, 1022, 'Vorräte', 'Halbfabrikate', 0),
(4, 4, 1022, 'Vorräte', 'Halbfabrikate', 0),
(5, 7, 1022, 'Vorräte', 'Halbfabrikate', 0),
(6, 4, 1022, 'Vorräte', 'Halbfabrikate', 0),
(7, 4, 1022, 'Vorräte', 'Halbfabrikate', 0),
(8, 10, 1022, 'Vorräte', 'Halbfabrikate', 0),
(1, 7, 1023, 'Vorräte', 'Fertigfabrikate', 0),
(3, 4, 1023, 'Vorräte', 'Fertigfabrikate', 0),
(4, 4, 1023, 'Vorräte', 'Fertigfabrikate', 0),
(5, 7, 1023, 'Vorräte', 'Fertigfabrikate', 0),
(6, 4, 1023, 'Vorräte', 'Fertigfabrikate', 0),
(7, 4, 1023, 'Vorräte', 'Fertigfabrikate', 0),
(8, 10, 1023, 'Vorräte', 'Fertigfabrikate', 0),
(1, 7, 1100, 'Materielles AV', 'Maschinen', 0),
(3, 4, 1100, 'Materielles AV', 'Maschinen', 0),
(4, 4, 1100, 'Materielles AV', 'Maschinen', 0),
(5, 7, 1100, 'Materielles AV', 'Maschinen', 0),
(6, 4, 1100, 'Materielles AV', 'Maschinen', 0),
(7, 4, 1100, 'Materielles AV', 'Maschinen', 0),
(8, 10, 1100, 'Materielles AV', 'Maschinen', 0),
(1, 7, 1101, 'Materielles AV', 'Mobiliar', 0),
(3, 4, 1101, 'Materielles AV', 'Mobiliar', 0),
(4, 4, 1101, 'Materielles AV', 'Mobiliar', 0),
(5, 7, 1101, 'Materielles AV', 'Mobiliar', 0),
(6, 4, 1101, 'Materielles AV', 'Mobiliar', 0),
(7, 4, 1101, 'Materielles AV', 'Mobiliar', 0),
(8, 10, 1101, 'Materielles AV', 'Mobiliar', 0),
(1, 7, 1102, 'Materielles AV', 'Fahrzeuge', 0),
(3, 4, 1102, 'Materielles AV', 'Fahrzeuge', 0),
(4, 4, 1102, 'Materielles AV', 'Fahrzeuge', 0),
(5, 7, 1102, 'Materielles AV', 'Fahrzeuge', 0),
(6, 4, 1102, 'Materielles AV', 'Fahrzeuge', 0),
(7, 4, 1102, 'Materielles AV', 'Fahrzeuge', 0),
(8, 10, 1102, 'Materielles AV', 'Fahrzeuge', 0),
(1, 7, 1103, 'Materielles AV', 'Hard- und Software', 0),
(3, 4, 1103, 'Materielles AV', 'Hard- und Software', 0),
(4, 4, 1103, 'Materielles AV', 'Hard- und Software', 0),
(5, 7, 1103, 'Materielles AV', 'Hard- und Software', 0),
(6, 4, 1103, 'Materielles AV', 'Hard- und Software', 0),
(7, 4, 1103, 'Materielles AV', 'Hard- und Software', 0),
(8, 10, 1103, 'Materielles AV', 'Hard- und Software', 0),
(1, 7, 1104, 'Materielles AV', 'Immobilein', 0),
(3, 4, 1104, 'Materielles AV', 'Immobilein', 0),
(4, 4, 1104, 'Materielles AV', 'Immobilein', 0),
(5, 7, 1104, 'Materielles AV', 'Immobilein', 0),
(6, 4, 1104, 'Materielles AV', 'Immobilein', 0),
(7, 4, 1104, 'Materielles AV', 'Immobilein', 0),
(8, 10, 1104, 'Materielles AV', 'Immobilein', 0),
(1, 7, 1110, 'Finanzielles AV', 'Beteiligungen', 0),
(3, 4, 1110, 'Finanzielles AV', 'Beteiligungen', 0),
(4, 4, 1110, 'Finanzielles AV', 'Beteiligungen', 0),
(5, 7, 1110, 'Finanzielles AV', 'Beteiligungen', 0),
(6, 4, 1110, 'Finanzielles AV', 'Beteiligungen', 0),
(7, 4, 1110, 'Finanzielles AV', 'Beteiligungen', 0),
(8, 10, 1110, 'Finanzielles AV', 'Beteiligungen', 0),
(1, 7, 1120, 'Imaterielles AV', 'Patente', 0),
(3, 4, 1120, 'Imaterielles AV', 'Patente', 0),
(4, 4, 1120, 'Imaterielles AV', 'Patente', 0),
(5, 7, 1120, 'Imaterielles AV', 'Patente', 0),
(6, 4, 1120, 'Imaterielles AV', 'Patente', 0),
(7, 4, 1120, 'Imaterielles AV', 'Patente', 0),
(8, 10, 1120, 'Imaterielles AV', 'Patente', 0),
(1, 7, 2000, 'Kurzfristiges FK', 'Kreditoren', 0),
(3, 4, 2000, 'Kurzfristiges FK', 'Kreditoren', 0),
(4, 4, 2000, 'Kurzfristiges FK', 'Kreditoren', 0),
(5, 7, 2000, 'Kurzfristiges FK', 'Kreditoren', 0),
(6, 4, 2000, 'Kurzfristiges FK', 'Kreditoren', 0),
(7, 4, 2000, 'Kurzfristiges FK', 'Kreditoren', 0),
(8, 10, 2000, 'Kurzfristiges FK', 'Kreditoren', 0),
(1, 7, 2002, 'Kurzfristiges FK', 'Bank', 0),
(3, 4, 2002, 'Kurzfristiges FK', 'Bank', 0),
(4, 4, 2002, 'Kurzfristiges FK', 'Bank', 0),
(5, 7, 2002, 'Kurzfristiges FK', 'Bank', 0),
(6, 4, 2002, 'Kurzfristiges FK', 'Bank', 0),
(7, 4, 2002, 'Kurzfristiges FK', 'Bank', 0),
(8, 10, 2002, 'Kurzfristiges FK', 'Bank', 0),
(1, 7, 2010, 'Langfristiges FK', 'Darlehen', 0),
(3, 4, 2010, 'Langfristiges FK', 'Darlehen', 0),
(4, 4, 2010, 'Langfristiges FK', 'Darlehen', 0),
(5, 7, 2010, 'Langfristiges FK', 'Darlehen', 0),
(6, 4, 2010, 'Langfristiges FK', 'Darlehen', 0),
(7, 4, 2010, 'Langfristiges FK', 'Darlehen', 0),
(8, 10, 2010, 'Langfristiges FK', 'Darlehen', 0),
(1, 7, 2011, 'Langfristiges FK', 'Hypotheken', 0),
(3, 4, 2011, 'Langfristiges FK', 'Hypotheken', 0),
(4, 4, 2011, 'Langfristiges FK', 'Hypotheken', 0),
(5, 7, 2011, 'Langfristiges FK', 'Hypotheken', 0),
(6, 4, 2011, 'Langfristiges FK', 'Hypotheken', 0),
(7, 4, 2011, 'Langfristiges FK', 'Hypotheken', 0),
(8, 10, 2011, 'Langfristiges FK', 'Hypotheken', 0),
(1, 7, 2012, 'Langfristiges FK', 'Obligationen', 0),
(3, 4, 2012, 'Langfristiges FK', 'Obligationen', 0),
(4, 4, 2012, 'Langfristiges FK', 'Obligationen', 0),
(5, 7, 2012, 'Langfristiges FK', 'Obligationen', 0),
(6, 4, 2012, 'Langfristiges FK', 'Obligationen', 0),
(7, 4, 2012, 'Langfristiges FK', 'Obligationen', 0),
(8, 10, 2012, 'Langfristiges FK', 'Obligationen', 0),
(1, 7, 2100, 'Grundkapital', 'Aktienkapital', 0),
(3, 4, 2100, 'Grundkapital', 'Aktienkapital', 0),
(4, 4, 2100, 'Grundkapital', 'Aktienkapital', 0),
(5, 7, 2100, 'Grundkapital', 'Aktienkapital', 0),
(6, 4, 2100, 'Grundkapital', 'Aktienkapital', 0),
(7, 4, 2100, 'Grundkapital', 'Aktienkapital', 0),
(8, 10, 2100, 'Grundkapital', 'Aktienkapital', 0),
(1, 7, 2110, 'Zuwachskapital', 'Reserven', 0),
(3, 4, 2110, 'Zuwachskapital', 'Reserven', 0),
(4, 4, 2110, 'Zuwachskapital', 'Reserven', 0),
(5, 7, 2110, 'Zuwachskapital', 'Reserven', 0),
(6, 4, 2110, 'Zuwachskapital', 'Reserven', 0),
(7, 4, 2110, 'Zuwachskapital', 'Reserven', 0),
(8, 10, 2110, 'Zuwachskapital', 'Reserven', 0),
(1, 7, 2111, 'Zuwachskapital', 'Gewinnvortrag', 0),
(3, 4, 2111, 'Zuwachskapital', 'Gewinnvortrag', 0),
(4, 4, 2111, 'Zuwachskapital', 'Gewinnvortrag', 0),
(5, 7, 2111, 'Zuwachskapital', 'Gewinnvortrag', 0),
(6, 4, 2111, 'Zuwachskapital', 'Gewinnvortrag', 0),
(7, 4, 2111, 'Zuwachskapital', 'Gewinnvortrag', 0),
(8, 10, 2111, 'Zuwachskapital', 'Gewinnvortrag', 0),
(1, 7, 3000, '', 'Warenaufwand', 0),
(3, 4, 3000, '', 'Warenaufwand', 0),
(4, 4, 3000, '', 'Warenaufwand', 0),
(5, 7, 3000, '', 'Warenaufwand', 0),
(6, 4, 3000, '', 'Warenaufwand', 0),
(7, 4, 3000, '', 'Warenaufwand', 0),
(8, 10, 3000, '', 'Warenaufwand', 0),
(1, 7, 3001, '', 'Rohmaterialaufwand', 0),
(3, 4, 3001, '', 'Rohmaterialaufwand', 0),
(4, 4, 3001, '', 'Rohmaterialaufwand', 0),
(5, 7, 3001, '', 'Rohmaterialaufwand', 0),
(6, 4, 3001, '', 'Rohmaterialaufwand', 0),
(7, 4, 3001, '', 'Rohmaterialaufwand', 0),
(8, 10, 3001, '', 'Rohmaterialaufwand', 0),
(1, 7, 3100, '', 'Personalaufwand', 0),
(4, 4, 3100, '', 'Personalaufwand', 0),
(5, 7, 3100, '', 'Personalaufwand', 0),
(6, 4, 3100, '', 'Personalaufwand', 0),
(7, 4, 3100, '', 'Personalaufwand', 0),
(8, 10, 3100, '', 'Personalaufwand', 0),
(1, 7, 3200, '', 'Mietaufwand', 0),
(3, 4, 3200, '', 'Mietaufwand', 0),
(4, 4, 3200, '', 'Mietaufwand', 0),
(5, 7, 3200, '', 'Mietaufwand', 0),
(6, 4, 3200, '', 'Mietaufwand', 0),
(7, 4, 3200, '', 'Mietaufwand', 0),
(8, 10, 3200, '', 'Mietaufwand', 0),
(1, 7, 3300, '', 'Zinsaufwand', 0),
(3, 4, 3300, '', 'Zinsaufwand', 0),
(4, 4, 3300, '', 'Zinsaufwand', 0),
(5, 7, 3300, '', 'Zinsaufwand', 0),
(6, 4, 3300, '', 'Zinsaufwand', 0),
(7, 4, 3300, '', 'Zinsaufwand', 0),
(8, 10, 3300, '', 'Zinsaufwand', 0),
(1, 7, 3400, '', 'Abschreibungen', 0),
(3, 4, 3400, '', 'Abschreibungen', 0),
(4, 4, 3400, '', 'Abschreibungen', 0),
(5, 7, 3400, '', 'Abschreibungen', 0),
(6, 4, 3400, '', 'Abschreibungen', 0),
(7, 4, 3400, '', 'Abschreibungen', 0),
(8, 10, 3400, '', 'Abschreibungen', 0),
(1, 7, 3700, '', 'Energieaufwand', 0),
(3, 4, 3700, '', 'Energieaufwand', 0),
(4, 4, 3700, '', 'Energieaufwand', 0),
(5, 7, 3700, '', 'Energieaufwand', 0),
(6, 4, 3700, '', 'Energieaufwand', 0),
(7, 4, 3700, '', 'Energieaufwand', 0),
(8, 10, 3700, '', 'Energieaufwand', 0),
(1, 7, 3600, '', 'Versicherungsaufwand', 0),
(3, 4, 3600, '', 'Versicherungsaufwand', 0),
(4, 4, 3600, '', 'Versicherungsaufwand', 0),
(5, 7, 3600, '', 'Versicherungsaufwand', 0),
(6, 4, 3600, '', 'Versicherungsaufwand', 0),
(7, 4, 3600, '', 'Versicherungsaufwand', 0),
(8, 10, 3600, '', 'Versicherungsaufwand', 0),
(1, 7, 3800, '', 'Werbeaufwand', 0),
(3, 4, 3800, '', 'Werbeaufwand', 0),
(4, 4, 3800, '', 'Werbeaufwand', 0),
(5, 7, 3800, '', 'Werbeaufwand', 0),
(6, 4, 3800, '', 'Werbeaufwand', 0),
(7, 4, 3800, '', 'Werbeaufwand', 0),
(8, 10, 3800, '', 'Werbeaufwand', 0),
(1, 7, 1003, 'Liquide Mittel', 'Wertschriften', 0),
(3, 4, 1003, 'Liquide Mittel', 'Wertschriften', 0),
(4, 4, 1003, 'Liquide Mittel', 'Wertschriften', 0),
(5, 7, 1003, 'Liquide Mittel', 'Wertschriften', 0),
(6, 4, 1003, 'Liquide Mittel', 'Wertschriften', 0),
(7, 4, 1003, 'Liquide Mittel', 'Wertschriften', 0),
(8, 10, 1003, 'Liquide Mittel', 'Wertschriften', 0),
(1, 7, 3900, '', 'Übriger Aufwand', 0),
(3, 4, 3900, '', 'Übriger Aufwand', 0),
(5, 7, 3900, '', 'Übriger Aufwand', 0),
(6, 4, 3900, '', 'Übriger Aufwand', 0),
(7, 4, 3900, '', 'Übriger Aufwand', 0),
(8, 10, 3900, '', 'Übriger Aufwand', 0),
(1, 7, 4000, '', 'Warenertrag', 0),
(3, 4, 4000, '', 'Warenertrag', 0),
(4, 4, 4000, '', 'Warenertrag', 0),
(5, 7, 4000, '', 'Warenertrag', 0),
(6, 4, 4000, '', 'Warenertrag', 0),
(7, 4, 4000, '', 'Warenertrag', 0),
(8, 10, 4000, '', 'Warenertrag', 0),
(1, 7, 4100, '', 'Fabrikatenertrag', 0),
(3, 4, 4100, '', 'Fabrikatenertrag', 0),
(4, 4, 4100, '', 'Fabrikatenertrag', 0),
(5, 7, 4100, '', 'Fabrikatenertrag', 0),
(6, 4, 4100, '', 'Fabrikatenertrag', 0),
(7, 4, 4100, '', 'Fabrikatenertrag', 0),
(8, 10, 4100, '', 'Fabrikatenertrag', 0),
(1, 7, 4200, '', 'Zinsertrag', 0),
(3, 4, 4200, '', 'Zinsertrag', 0),
(4, 4, 4200, '', 'Zinsertrag', 0),
(5, 7, 4200, '', 'Zinsertrag', 0),
(6, 4, 4200, '', 'Zinsertrag', 0),
(7, 4, 4200, '', 'Zinsertrag', 0),
(8, 10, 4200, '', 'Zinsertrag', 0),
(1, 7, 5000, '', 'Eröffnungsbilanz', 0),
(3, 4, 5000, '', 'Eröffnungsbilanz', 0),
(4, 4, 5000, '', 'Eröffnungsbilanz', 0),
(5, 7, 5000, '', 'Eröffnungsbilanz', 0),
(6, 4, 5000, '', 'Eröffnungsbilanz', 0),
(7, 4, 5000, '', 'Eröffnungsbilanz', 0),
(8, 10, 5000, '', 'Eröffnungsbilanz', 0),
(1, 7, 5001, '', 'Schlussbilanz', 0),
(3, 4, 5001, '', 'Schlussbilanz', 0),
(4, 4, 5001, '', 'Schlussbilanz', 0),
(5, 7, 5001, '', 'Schlussbilanz', 0),
(6, 4, 5001, '', 'Schlussbilanz', 0),
(7, 4, 5001, '', 'Schlussbilanz', 0),
(8, 10, 5001, '', 'Schlussbilanz', 0),
(1, 7, 5100, '', 'Erfolgsrechnung', 0),
(3, 4, 5100, '', 'Erfolgsrechnung', 0),
(4, 4, 5100, '', 'Erfolgsrechnung', 0),
(5, 7, 5100, '', 'Erfolgsrechnung', 0),
(6, 4, 5100, '', 'Erfolgsrechnung', 0),
(7, 4, 5100, '', 'Erfolgsrechnung', 0),
(8, 10, 5100, '', 'Erfolgsrechnung', 0);

-- --------------------------------------------------------

--
-- Tabellenstruktur für Tabelle `view_ertrag`
--

DROP TABLE IF EXISTS `view_ertrag`;
CREATE ALGORITHM=UNDEFINED DEFINER=`root`@`localhost` SQL SECURITY DEFINER VIEW `hszmdp`.`view_ertrag` AS select max(`view_both`.`bilanzID`) AS `bilanzID`,max(`view_both`.`userID`) AS `userID`,max(`view_both`.`strukID`) AS `strukID`,max(`view_both`.`strukTeil`) AS `strukTeil`,max(`view_both`.`strukName`) AS `strukName`,max(`view_both`.`BETRAG`) AS `BETRAG` from `hszmdp`.`view_both` where (`view_both`.`strukID` between 4000 and 4999) group by `view_both`.`bilanzID`,`view_both`.`strukID`;

--
-- Daten für Tabelle `view_ertrag`
--

INSERT INTO `view_ertrag` (`bilanzID`, `userID`, `strukID`, `strukTeil`, `strukName`, `BETRAG`) VALUES
(1, 7, 4000, '', 'Warenertrag', 0),
(1, 7, 4100, '', 'Fabrikatenertrag', 0),
(1, 7, 4200, '', 'Zinsertrag', 1000),
(3, 4, 4000, '', 'Warenertrag', 0),
(3, 4, 4100, '', 'Fabrikatenertrag', 0),
(3, 4, 4200, '', 'Zinsertrag', 1000),
(4, 4, 4000, '', 'Warenertrag', 2000),
(4, 4, 4100, '', 'Fabrikatenertrag', 5000),
(4, 4, 4200, '', 'Zinsertrag', 5000),
(5, 7, 4000, '', 'Warenertrag', 0),
(5, 7, 4100, '', 'Fabrikatenertrag', 0),
(5, 7, 4200, '', 'Zinsertrag', 0),
(6, 4, 4000, '', 'Warenertrag', 0),
(6, 4, 4100, '', 'Fabrikatenertrag', 0),
(6, 4, 4200, '', 'Zinsertrag', 0),
(7, 4, 4000, '', 'Warenertrag', 0),
(7, 4, 4100, '', 'Fabrikatenertrag', 0),
(7, 4, 4200, '', 'Zinsertrag', 0),
(8, 10, 4000, '', 'Warenertrag', 0),
(8, 10, 4100, '', 'Fabrikatenertrag', 0),
(8, 10, 4200, '', 'Zinsertrag', 0);

-- --------------------------------------------------------

--
-- Tabellenstruktur für Tabelle `view_null`
--

DROP TABLE IF EXISTS `view_null`;
CREATE ALGORITHM=UNDEFINED DEFINER=`root`@`localhost` SQL SECURITY DEFINER VIEW `hszmdp`.`view_null` AS select `hszmdp`.`bilanz`.`bilanzID` AS `bilanzID`,`hszmdp`.`bilanz`.`userID` AS `userID`,`hszmdp`.`struktur`.`strukID` AS `strukID`,`hszmdp`.`struktur`.`strukTeil` AS `strukTeil`,`hszmdp`.`struktur`.`strukName` AS `strukName`,0 AS `Betrag` from (`hszmdp`.`struktur` join `hszmdp`.`bilanz`);

--
-- Daten für Tabelle `view_null`
--

INSERT INTO `view_null` (`bilanzID`, `userID`, `strukID`, `strukTeil`, `strukName`, `Betrag`) VALUES
(1, 7, 1000, 'Liquide Mittel', 'Kasse', 0),
(3, 4, 1000, 'Liquide Mittel', 'Kasse', 0),
(4, 4, 1000, 'Liquide Mittel', 'Kasse', 0),
(5, 7, 1000, 'Liquide Mittel', 'Kasse', 0),
(6, 4, 1000, 'Liquide Mittel', 'Kasse', 0),
(7, 4, 1000, 'Liquide Mittel', 'Kasse', 0),
(8, 10, 1000, 'Liquide Mittel', 'Kasse', 0),
(1, 7, 1001, 'Liquide Mittel', 'Post', 0),
(3, 4, 1001, 'Liquide Mittel', 'Post', 0),
(4, 4, 1001, 'Liquide Mittel', 'Post', 0),
(5, 7, 1001, 'Liquide Mittel', 'Post', 0),
(6, 4, 1001, 'Liquide Mittel', 'Post', 0),
(7, 4, 1001, 'Liquide Mittel', 'Post', 0),
(8, 10, 1001, 'Liquide Mittel', 'Post', 0),
(1, 7, 1002, 'Liquide Mittel', 'Bank', 0),
(3, 4, 1002, 'Liquide Mittel', 'Bank', 0),
(4, 4, 1002, 'Liquide Mittel', 'Bank', 0),
(5, 7, 1002, 'Liquide Mittel', 'Bank', 0),
(6, 4, 1002, 'Liquide Mittel', 'Bank', 0),
(7, 4, 1002, 'Liquide Mittel', 'Bank', 0),
(8, 10, 1002, 'Liquide Mittel', 'Bank', 0),
(1, 7, 1010, 'Forderungen', 'Debitoren', 0),
(3, 4, 1010, 'Forderungen', 'Debitoren', 0),
(4, 4, 1010, 'Forderungen', 'Debitoren', 0),
(5, 7, 1010, 'Forderungen', 'Debitoren', 0),
(6, 4, 1010, 'Forderungen', 'Debitoren', 0),
(7, 4, 1010, 'Forderungen', 'Debitoren', 0),
(8, 10, 1010, 'Forderungen', 'Debitoren', 0),
(1, 7, 1011, 'Forderungen', 'Debitor VSt.', 0),
(3, 4, 1011, 'Forderungen', 'Debitor VSt.', 0),
(4, 4, 1011, 'Forderungen', 'Debitor VSt.', 0),
(5, 7, 1011, 'Forderungen', 'Debitor VSt.', 0),
(6, 4, 1011, 'Forderungen', 'Debitor VSt.', 0),
(7, 4, 1011, 'Forderungen', 'Debitor VSt.', 0),
(8, 10, 1011, 'Forderungen', 'Debitor VSt.', 0),
(1, 7, 1020, 'Vorräte', 'Waren', 0),
(3, 4, 1020, 'Vorräte', 'Waren', 0),
(4, 4, 1020, 'Vorräte', 'Waren', 0),
(5, 7, 1020, 'Vorräte', 'Waren', 0),
(6, 4, 1020, 'Vorräte', 'Waren', 0),
(7, 4, 1020, 'Vorräte', 'Waren', 0),
(8, 10, 1020, 'Vorräte', 'Waren', 0),
(1, 7, 3500, '', 'Unterhalt und Reperaturen', 0),
(3, 4, 3500, '', 'Unterhalt und Reperaturen', 0),
(4, 4, 3500, '', 'Unterhalt und Reperaturen', 0),
(5, 7, 3500, '', 'Unterhalt und Reperaturen', 0),
(6, 4, 3500, '', 'Unterhalt und Reperaturen', 0),
(7, 4, 3500, '', 'Unterhalt und Reperaturen', 0),
(8, 10, 3500, '', 'Unterhalt und Reperaturen', 0),
(1, 7, 1021, 'Vorräte', 'Rohmaterial', 0),
(3, 4, 1021, 'Vorräte', 'Rohmaterial', 0),
(4, 4, 1021, 'Vorräte', 'Rohmaterial', 0),
(5, 7, 1021, 'Vorräte', 'Rohmaterial', 0),
(6, 4, 1021, 'Vorräte', 'Rohmaterial', 0),
(7, 4, 1021, 'Vorräte', 'Rohmaterial', 0),
(8, 10, 1021, 'Vorräte', 'Rohmaterial', 0),
(1, 7, 1022, 'Vorräte', 'Halbfabrikate', 0),
(3, 4, 1022, 'Vorräte', 'Halbfabrikate', 0),
(4, 4, 1022, 'Vorräte', 'Halbfabrikate', 0),
(5, 7, 1022, 'Vorräte', 'Halbfabrikate', 0),
(6, 4, 1022, 'Vorräte', 'Halbfabrikate', 0),
(7, 4, 1022, 'Vorräte', 'Halbfabrikate', 0),
(8, 10, 1022, 'Vorräte', 'Halbfabrikate', 0),
(1, 7, 1023, 'Vorräte', 'Fertigfabrikate', 0),
(3, 4, 1023, 'Vorräte', 'Fertigfabrikate', 0),
(4, 4, 1023, 'Vorräte', 'Fertigfabrikate', 0),
(5, 7, 1023, 'Vorräte', 'Fertigfabrikate', 0),
(6, 4, 1023, 'Vorräte', 'Fertigfabrikate', 0),
(7, 4, 1023, 'Vorräte', 'Fertigfabrikate', 0),
(8, 10, 1023, 'Vorräte', 'Fertigfabrikate', 0),
(1, 7, 1100, 'Materielles AV', 'Maschinen', 0),
(3, 4, 1100, 'Materielles AV', 'Maschinen', 0),
(4, 4, 1100, 'Materielles AV', 'Maschinen', 0),
(5, 7, 1100, 'Materielles AV', 'Maschinen', 0),
(6, 4, 1100, 'Materielles AV', 'Maschinen', 0),
(7, 4, 1100, 'Materielles AV', 'Maschinen', 0),
(8, 10, 1100, 'Materielles AV', 'Maschinen', 0),
(1, 7, 1101, 'Materielles AV', 'Mobiliar', 0),
(3, 4, 1101, 'Materielles AV', 'Mobiliar', 0),
(4, 4, 1101, 'Materielles AV', 'Mobiliar', 0),
(5, 7, 1101, 'Materielles AV', 'Mobiliar', 0),
(6, 4, 1101, 'Materielles AV', 'Mobiliar', 0),
(7, 4, 1101, 'Materielles AV', 'Mobiliar', 0),
(8, 10, 1101, 'Materielles AV', 'Mobiliar', 0),
(1, 7, 1102, 'Materielles AV', 'Fahrzeuge', 0),
(3, 4, 1102, 'Materielles AV', 'Fahrzeuge', 0),
(4, 4, 1102, 'Materielles AV', 'Fahrzeuge', 0),
(5, 7, 1102, 'Materielles AV', 'Fahrzeuge', 0),
(6, 4, 1102, 'Materielles AV', 'Fahrzeuge', 0),
(7, 4, 1102, 'Materielles AV', 'Fahrzeuge', 0),
(8, 10, 1102, 'Materielles AV', 'Fahrzeuge', 0),
(1, 7, 1103, 'Materielles AV', 'Hard- und Software', 0),
(3, 4, 1103, 'Materielles AV', 'Hard- und Software', 0),
(4, 4, 1103, 'Materielles AV', 'Hard- und Software', 0),
(5, 7, 1103, 'Materielles AV', 'Hard- und Software', 0),
(6, 4, 1103, 'Materielles AV', 'Hard- und Software', 0),
(7, 4, 1103, 'Materielles AV', 'Hard- und Software', 0),
(8, 10, 1103, 'Materielles AV', 'Hard- und Software', 0),
(1, 7, 1104, 'Materielles AV', 'Immobilein', 0),
(3, 4, 1104, 'Materielles AV', 'Immobilein', 0),
(4, 4, 1104, 'Materielles AV', 'Immobilein', 0),
(5, 7, 1104, 'Materielles AV', 'Immobilein', 0),
(6, 4, 1104, 'Materielles AV', 'Immobilein', 0),
(7, 4, 1104, 'Materielles AV', 'Immobilein', 0),
(8, 10, 1104, 'Materielles AV', 'Immobilein', 0),
(1, 7, 1110, 'Finanzielles AV', 'Beteiligungen', 0),
(3, 4, 1110, 'Finanzielles AV', 'Beteiligungen', 0),
(4, 4, 1110, 'Finanzielles AV', 'Beteiligungen', 0),
(5, 7, 1110, 'Finanzielles AV', 'Beteiligungen', 0),
(6, 4, 1110, 'Finanzielles AV', 'Beteiligungen', 0),
(7, 4, 1110, 'Finanzielles AV', 'Beteiligungen', 0),
(8, 10, 1110, 'Finanzielles AV', 'Beteiligungen', 0),
(1, 7, 1120, 'Imaterielles AV', 'Patente', 0),
(3, 4, 1120, 'Imaterielles AV', 'Patente', 0),
(4, 4, 1120, 'Imaterielles AV', 'Patente', 0),
(5, 7, 1120, 'Imaterielles AV', 'Patente', 0),
(6, 4, 1120, 'Imaterielles AV', 'Patente', 0),
(7, 4, 1120, 'Imaterielles AV', 'Patente', 0),
(8, 10, 1120, 'Imaterielles AV', 'Patente', 0),
(1, 7, 2000, 'Kurzfristiges FK', 'Kreditoren', 0),
(3, 4, 2000, 'Kurzfristiges FK', 'Kreditoren', 0),
(4, 4, 2000, 'Kurzfristiges FK', 'Kreditoren', 0),
(5, 7, 2000, 'Kurzfristiges FK', 'Kreditoren', 0),
(6, 4, 2000, 'Kurzfristiges FK', 'Kreditoren', 0),
(7, 4, 2000, 'Kurzfristiges FK', 'Kreditoren', 0),
(8, 10, 2000, 'Kurzfristiges FK', 'Kreditoren', 0),
(1, 7, 2002, 'Kurzfristiges FK', 'Bank', 0),
(3, 4, 2002, 'Kurzfristiges FK', 'Bank', 0),
(4, 4, 2002, 'Kurzfristiges FK', 'Bank', 0),
(5, 7, 2002, 'Kurzfristiges FK', 'Bank', 0),
(6, 4, 2002, 'Kurzfristiges FK', 'Bank', 0),
(7, 4, 2002, 'Kurzfristiges FK', 'Bank', 0),
(8, 10, 2002, 'Kurzfristiges FK', 'Bank', 0),
(1, 7, 2010, 'Langfristiges FK', 'Darlehen', 0),
(3, 4, 2010, 'Langfristiges FK', 'Darlehen', 0),
(4, 4, 2010, 'Langfristiges FK', 'Darlehen', 0),
(5, 7, 2010, 'Langfristiges FK', 'Darlehen', 0),
(6, 4, 2010, 'Langfristiges FK', 'Darlehen', 0),
(7, 4, 2010, 'Langfristiges FK', 'Darlehen', 0),
(8, 10, 2010, 'Langfristiges FK', 'Darlehen', 0),
(1, 7, 2011, 'Langfristiges FK', 'Hypotheken', 0),
(3, 4, 2011, 'Langfristiges FK', 'Hypotheken', 0),
(4, 4, 2011, 'Langfristiges FK', 'Hypotheken', 0),
(5, 7, 2011, 'Langfristiges FK', 'Hypotheken', 0),
(6, 4, 2011, 'Langfristiges FK', 'Hypotheken', 0),
(7, 4, 2011, 'Langfristiges FK', 'Hypotheken', 0),
(8, 10, 2011, 'Langfristiges FK', 'Hypotheken', 0),
(1, 7, 2012, 'Langfristiges FK', 'Obligationen', 0),
(3, 4, 2012, 'Langfristiges FK', 'Obligationen', 0),
(4, 4, 2012, 'Langfristiges FK', 'Obligationen', 0),
(5, 7, 2012, 'Langfristiges FK', 'Obligationen', 0),
(6, 4, 2012, 'Langfristiges FK', 'Obligationen', 0),
(7, 4, 2012, 'Langfristiges FK', 'Obligationen', 0),
(8, 10, 2012, 'Langfristiges FK', 'Obligationen', 0),
(1, 7, 2100, 'Grundkapital', 'Aktienkapital', 0),
(3, 4, 2100, 'Grundkapital', 'Aktienkapital', 0),
(4, 4, 2100, 'Grundkapital', 'Aktienkapital', 0),
(5, 7, 2100, 'Grundkapital', 'Aktienkapital', 0),
(6, 4, 2100, 'Grundkapital', 'Aktienkapital', 0),
(7, 4, 2100, 'Grundkapital', 'Aktienkapital', 0),
(8, 10, 2100, 'Grundkapital', 'Aktienkapital', 0),
(1, 7, 2110, 'Zuwachskapital', 'Reserven', 0),
(3, 4, 2110, 'Zuwachskapital', 'Reserven', 0),
(4, 4, 2110, 'Zuwachskapital', 'Reserven', 0),
(5, 7, 2110, 'Zuwachskapital', 'Reserven', 0),
(6, 4, 2110, 'Zuwachskapital', 'Reserven', 0),
(7, 4, 2110, 'Zuwachskapital', 'Reserven', 0),
(8, 10, 2110, 'Zuwachskapital', 'Reserven', 0),
(1, 7, 2111, 'Zuwachskapital', 'Gewinnvortrag', 0),
(3, 4, 2111, 'Zuwachskapital', 'Gewinnvortrag', 0),
(4, 4, 2111, 'Zuwachskapital', 'Gewinnvortrag', 0),
(5, 7, 2111, 'Zuwachskapital', 'Gewinnvortrag', 0),
(6, 4, 2111, 'Zuwachskapital', 'Gewinnvortrag', 0),
(7, 4, 2111, 'Zuwachskapital', 'Gewinnvortrag', 0),
(8, 10, 2111, 'Zuwachskapital', 'Gewinnvortrag', 0),
(1, 7, 3000, '', 'Warenaufwand', 0),
(3, 4, 3000, '', 'Warenaufwand', 0),
(4, 4, 3000, '', 'Warenaufwand', 0),
(5, 7, 3000, '', 'Warenaufwand', 0),
(6, 4, 3000, '', 'Warenaufwand', 0),
(7, 4, 3000, '', 'Warenaufwand', 0),
(8, 10, 3000, '', 'Warenaufwand', 0),
(1, 7, 3001, '', 'Rohmaterialaufwand', 0),
(3, 4, 3001, '', 'Rohmaterialaufwand', 0),
(4, 4, 3001, '', 'Rohmaterialaufwand', 0),
(5, 7, 3001, '', 'Rohmaterialaufwand', 0),
(6, 4, 3001, '', 'Rohmaterialaufwand', 0),
(7, 4, 3001, '', 'Rohmaterialaufwand', 0),
(8, 10, 3001, '', 'Rohmaterialaufwand', 0),
(1, 7, 3100, '', 'Personalaufwand', 0),
(3, 4, 3100, '', 'Personalaufwand', 0),
(4, 4, 3100, '', 'Personalaufwand', 0),
(5, 7, 3100, '', 'Personalaufwand', 0),
(6, 4, 3100, '', 'Personalaufwand', 0),
(7, 4, 3100, '', 'Personalaufwand', 0),
(8, 10, 3100, '', 'Personalaufwand', 0),
(1, 7, 3200, '', 'Mietaufwand', 0),
(3, 4, 3200, '', 'Mietaufwand', 0),
(4, 4, 3200, '', 'Mietaufwand', 0),
(5, 7, 3200, '', 'Mietaufwand', 0),
(6, 4, 3200, '', 'Mietaufwand', 0),
(7, 4, 3200, '', 'Mietaufwand', 0),
(8, 10, 3200, '', 'Mietaufwand', 0),
(1, 7, 3300, '', 'Zinsaufwand', 0),
(3, 4, 3300, '', 'Zinsaufwand', 0),
(4, 4, 3300, '', 'Zinsaufwand', 0),
(5, 7, 3300, '', 'Zinsaufwand', 0),
(6, 4, 3300, '', 'Zinsaufwand', 0),
(7, 4, 3300, '', 'Zinsaufwand', 0),
(8, 10, 3300, '', 'Zinsaufwand', 0),
(1, 7, 3400, '', 'Abschreibungen', 0),
(3, 4, 3400, '', 'Abschreibungen', 0),
(4, 4, 3400, '', 'Abschreibungen', 0),
(5, 7, 3400, '', 'Abschreibungen', 0),
(6, 4, 3400, '', 'Abschreibungen', 0),
(7, 4, 3400, '', 'Abschreibungen', 0),
(8, 10, 3400, '', 'Abschreibungen', 0),
(1, 7, 3700, '', 'Energieaufwand', 0),
(3, 4, 3700, '', 'Energieaufwand', 0),
(4, 4, 3700, '', 'Energieaufwand', 0),
(5, 7, 3700, '', 'Energieaufwand', 0),
(6, 4, 3700, '', 'Energieaufwand', 0),
(7, 4, 3700, '', 'Energieaufwand', 0),
(8, 10, 3700, '', 'Energieaufwand', 0),
(1, 7, 3600, '', 'Versicherungsaufwand', 0),
(3, 4, 3600, '', 'Versicherungsaufwand', 0),
(4, 4, 3600, '', 'Versicherungsaufwand', 0),
(5, 7, 3600, '', 'Versicherungsaufwand', 0),
(6, 4, 3600, '', 'Versicherungsaufwand', 0),
(7, 4, 3600, '', 'Versicherungsaufwand', 0),
(8, 10, 3600, '', 'Versicherungsaufwand', 0),
(1, 7, 3800, '', 'Werbeaufwand', 0),
(3, 4, 3800, '', 'Werbeaufwand', 0),
(4, 4, 3800, '', 'Werbeaufwand', 0),
(5, 7, 3800, '', 'Werbeaufwand', 0),
(6, 4, 3800, '', 'Werbeaufwand', 0),
(7, 4, 3800, '', 'Werbeaufwand', 0),
(8, 10, 3800, '', 'Werbeaufwand', 0),
(1, 7, 1003, 'Liquide Mittel', 'Wertschriften', 0),
(3, 4, 1003, 'Liquide Mittel', 'Wertschriften', 0),
(4, 4, 1003, 'Liquide Mittel', 'Wertschriften', 0),
(5, 7, 1003, 'Liquide Mittel', 'Wertschriften', 0),
(6, 4, 1003, 'Liquide Mittel', 'Wertschriften', 0),
(7, 4, 1003, 'Liquide Mittel', 'Wertschriften', 0),
(8, 10, 1003, 'Liquide Mittel', 'Wertschriften', 0),
(1, 7, 3900, '', 'Übriger Aufwand', 0),
(3, 4, 3900, '', 'Übriger Aufwand', 0),
(4, 4, 3900, '', 'Übriger Aufwand', 0),
(5, 7, 3900, '', 'Übriger Aufwand', 0),
(6, 4, 3900, '', 'Übriger Aufwand', 0),
(7, 4, 3900, '', 'Übriger Aufwand', 0),
(8, 10, 3900, '', 'Übriger Aufwand', 0),
(1, 7, 4000, '', 'Warenertrag', 0),
(3, 4, 4000, '', 'Warenertrag', 0),
(4, 4, 4000, '', 'Warenertrag', 0),
(5, 7, 4000, '', 'Warenertrag', 0),
(6, 4, 4000, '', 'Warenertrag', 0),
(7, 4, 4000, '', 'Warenertrag', 0),
(8, 10, 4000, '', 'Warenertrag', 0),
(1, 7, 4100, '', 'Fabrikatenertrag', 0),
(3, 4, 4100, '', 'Fabrikatenertrag', 0),
(4, 4, 4100, '', 'Fabrikatenertrag', 0),
(5, 7, 4100, '', 'Fabrikatenertrag', 0),
(6, 4, 4100, '', 'Fabrikatenertrag', 0),
(7, 4, 4100, '', 'Fabrikatenertrag', 0),
(8, 10, 4100, '', 'Fabrikatenertrag', 0),
(1, 7, 4200, '', 'Zinsertrag', 0),
(3, 4, 4200, '', 'Zinsertrag', 0),
(4, 4, 4200, '', 'Zinsertrag', 0),
(5, 7, 4200, '', 'Zinsertrag', 0),
(6, 4, 4200, '', 'Zinsertrag', 0),
(7, 4, 4200, '', 'Zinsertrag', 0),
(8, 10, 4200, '', 'Zinsertrag', 0),
(1, 7, 5000, '', 'Eröffnungsbilanz', 0),
(3, 4, 5000, '', 'Eröffnungsbilanz', 0),
(4, 4, 5000, '', 'Eröffnungsbilanz', 0),
(5, 7, 5000, '', 'Eröffnungsbilanz', 0),
(6, 4, 5000, '', 'Eröffnungsbilanz', 0),
(7, 4, 5000, '', 'Eröffnungsbilanz', 0),
(8, 10, 5000, '', 'Eröffnungsbilanz', 0),
(1, 7, 5001, '', 'Schlussbilanz', 0),
(3, 4, 5001, '', 'Schlussbilanz', 0),
(4, 4, 5001, '', 'Schlussbilanz', 0),
(5, 7, 5001, '', 'Schlussbilanz', 0),
(6, 4, 5001, '', 'Schlussbilanz', 0),
(7, 4, 5001, '', 'Schlussbilanz', 0),
(8, 10, 5001, '', 'Schlussbilanz', 0),
(1, 7, 5100, '', 'Erfolgsrechnung', 0),
(3, 4, 5100, '', 'Erfolgsrechnung', 0),
(4, 4, 5100, '', 'Erfolgsrechnung', 0),
(5, 7, 5100, '', 'Erfolgsrechnung', 0),
(6, 4, 5100, '', 'Erfolgsrechnung', 0),
(7, 4, 5100, '', 'Erfolgsrechnung', 0),
(8, 10, 5100, '', 'Erfolgsrechnung', 0);

-- --------------------------------------------------------

--
-- Tabellenstruktur für Tabelle `view_passive`
--

DROP TABLE IF EXISTS `view_passive`;
CREATE ALGORITHM=UNDEFINED DEFINER=`root`@`localhost` SQL SECURITY DEFINER VIEW `hszmdp`.`view_passive` AS select max(`view_both`.`bilanzID`) AS `bilanzID`,max(`view_both`.`userID`) AS `userID`,max(`view_both`.`strukID`) AS `strukID`,max(`view_both`.`strukTeil`) AS `strukTeil`,max(`view_both`.`strukName`) AS `strukName`,max(`view_both`.`BETRAG`) AS `BETRAG` from `hszmdp`.`view_both` where (`view_both`.`strukID` between 2000 and 2999) group by `view_both`.`bilanzID`,`view_both`.`strukID`;

--
-- Daten für Tabelle `view_passive`
--

INSERT INTO `view_passive` (`bilanzID`, `userID`, `strukID`, `strukTeil`, `strukName`, `BETRAG`) VALUES
(1, 7, 2000, 'Kurzfristiges FK', 'Kreditoren', 0),
(1, 7, 2002, 'Kurzfristiges FK', 'Bank', 4000),
(1, 7, 2010, 'Langfristiges FK', 'Darlehen', 0),
(1, 7, 2011, 'Langfristiges FK', 'Hypotheken', 0),
(1, 7, 2012, 'Langfristiges FK', 'Obligationen', 0),
(1, 7, 2100, 'Grundkapital', 'Aktienkapital', 0),
(1, 7, 2110, 'Zuwachskapital', 'Reserven', 2000),
(1, 7, 2111, 'Zuwachskapital', 'Gewinnvortrag', 1000),
(3, 4, 2000, 'Kurzfristiges FK', 'Kreditoren', 0),
(3, 4, 2002, 'Kurzfristiges FK', 'Bank', 0),
(3, 4, 2010, 'Langfristiges FK', 'Darlehen', 0),
(3, 4, 2011, 'Langfristiges FK', 'Hypotheken', 0),
(3, 4, 2012, 'Langfristiges FK', 'Obligationen', 1000),
(3, 4, 2100, 'Grundkapital', 'Aktienkapital', 0),
(3, 4, 2110, 'Zuwachskapital', 'Reserven', 0),
(3, 4, 2111, 'Zuwachskapital', 'Gewinnvortrag', 0),
(4, 4, 2000, 'Kurzfristiges FK', 'Kreditoren', 1000),
(4, 4, 2002, 'Kurzfristiges FK', 'Bank', 2000),
(4, 4, 2010, 'Langfristiges FK', 'Darlehen', 200000),
(4, 4, 2011, 'Langfristiges FK', 'Hypotheken', 1000),
(4, 4, 2012, 'Langfristiges FK', 'Obligationen', 1000),
(4, 4, 2100, 'Grundkapital', 'Aktienkapital', 1000),
(4, 4, 2110, 'Zuwachskapital', 'Reserven', 5000),
(4, 4, 2111, 'Zuwachskapital', 'Gewinnvortrag', 5000),
(5, 7, 2000, 'Kurzfristiges FK', 'Kreditoren', 1000),
(5, 7, 2002, 'Kurzfristiges FK', 'Bank', 1000),
(5, 7, 2010, 'Langfristiges FK', 'Darlehen', 0),
(5, 7, 2011, 'Langfristiges FK', 'Hypotheken', 0),
(5, 7, 2012, 'Langfristiges FK', 'Obligationen', 2000),
(5, 7, 2100, 'Grundkapital', 'Aktienkapital', 0),
(5, 7, 2110, 'Zuwachskapital', 'Reserven', 0),
(5, 7, 2111, 'Zuwachskapital', 'Gewinnvortrag', 0),
(6, 4, 2000, 'Kurzfristiges FK', 'Kreditoren', 0),
(6, 4, 2002, 'Kurzfristiges FK', 'Bank', 0),
(6, 4, 2010, 'Langfristiges FK', 'Darlehen', 0),
(6, 4, 2011, 'Langfristiges FK', 'Hypotheken', 0),
(6, 4, 2012, 'Langfristiges FK', 'Obligationen', 0),
(6, 4, 2100, 'Grundkapital', 'Aktienkapital', 0),
(6, 4, 2110, 'Zuwachskapital', 'Reserven', 0),
(6, 4, 2111, 'Zuwachskapital', 'Gewinnvortrag', 0),
(7, 4, 2000, 'Kurzfristiges FK', 'Kreditoren', 0),
(7, 4, 2002, 'Kurzfristiges FK', 'Bank', 0),
(7, 4, 2010, 'Langfristiges FK', 'Darlehen', 0),
(7, 4, 2011, 'Langfristiges FK', 'Hypotheken', 0),
(7, 4, 2012, 'Langfristiges FK', 'Obligationen', 0),
(7, 4, 2100, 'Grundkapital', 'Aktienkapital', 0),
(7, 4, 2110, 'Zuwachskapital', 'Reserven', 0),
(7, 4, 2111, 'Zuwachskapital', 'Gewinnvortrag', 0),
(8, 10, 2000, 'Kurzfristiges FK', 'Kreditoren', 0),
(8, 10, 2002, 'Kurzfristiges FK', 'Bank', 0),
(8, 10, 2010, 'Langfristiges FK', 'Darlehen', 0),
(8, 10, 2011, 'Langfristiges FK', 'Hypotheken', 0),
(8, 10, 2012, 'Langfristiges FK', 'Obligationen', 0),
(8, 10, 2100, 'Grundkapital', 'Aktienkapital', 0),
(8, 10, 2110, 'Zuwachskapital', 'Reserven', 0),
(8, 10, 2111, 'Zuwachskapital', 'Gewinnvortrag', 0);

/*!40101 SET CHARACTER_SET_CLIENT=@OLD_CHARACTER_SET_CLIENT */;
/*!40101 SET CHARACTER_SET_RESULTS=@OLD_CHARACTER_SET_RESULTS */;
/*!40101 SET COLLATION_CONNECTION=@OLD_COLLATION_CONNECTION */;
